resume_id,0,1,2,3,4,5,6,7,8,9,10,11,12,13,14,15,16,17,18,19,20,21,22,23,24,25,26,27
0,0.85,0.85,0.783333333,0.516666667,0.816666667,0.85,0.55,0.35,0.76,0.85,0.826666667,0.683333333,0.85,0.85,0.85,0.65,0.61,0.85,0.62,0.75,0.76,0.65,0.85,0.516666667,0.85,0.826666667,0.65,0.583333333
1,0.65,0.75,0.65,0.516666667,0.55,0.716666667,0.35,0.35,0.683333333,0.75,0.683333333,0.65,0.65,0.683333333,0.716666667,0.516666667,0.65,0.65,0.583333333,0.65,0.383333333,0.35,0.65,0.38,0.716666667,0.45,0.583333333,0.383333333
2,0.816666667,0.86,0.416666667,0.283333333,0.716666667,0.75,0.35,0.333333333,0.683333333,0.716666667,0.716666667,0.65,0.65,0.816666667,0.75,0.583333333,0.65,0.596666667,0.416666667,0.716666667,0.716666667,0.45,0.916666667,0.383333333,0.75,0.683333333,0.45,0.516666667
3,0.75,0.7166666666666667,0.8166666666666668,0.7600000000000001,0.75,0.75,0.45,0.4466666666666666,0.91,0.85,0.7600000000000001,0.7933333333333333,0.75,0.6833333333333332,0.6266666666666666,0.8166666666666668,0.9066666666666668,0.75,0.7933333333333333,0.7166666666666667,0.4733333333333333,0.85,0.65,0.3999999999999999,0.3066666666666666,0.8166666666666668,0.7166666666666667,0.4166666666666667
4,0.1966666666666666,0.75,0.8166666666666668,0.6933333333333334,0.65,0.6833333333333332,0.6833333333333332,0.2233333333333333,0.9266666666666667,0.7833333333333333,0.8166666666666668,0.7166666666666667,0.45,0.7833333333333333,0.75,0.85,0.85,0.6833333333333332,0.7166666666666667,0.34,0.3366666666666666,0.9366666666666666,0.7266666666666667,0.3166666666666666,0.2833333333333333,0.8266666666666667,0.3166666666666666,0.3066666666666667
5,0.85,0.85,0.85,0.783333333,0.85,0.85,0.85,0.85,0.896666667,0.85,0.85,0.85,0.85,0.85,0.85,0.85,0.85,0.85,0.716666667,0.85,0.873333333,0.85,0.85,0.65,0.85,0.85,0.85,0.85
6,0.45,0.683333333,0.65,0.45,0.65,0.683333333,0.45,0.45,0.65,0.783333333,0.716666667,0.283333333,0.65,0.75,0.683333333,0.45,0.65,0.626666667,0.516666667,0.65,0.65,0.35,0.65,0.333333333,0.65,0.55,0.61,0.05
7,0.65,0.793333333,0.693333333,0.483333333,0.65,0.783333333,0.85,0.816666667,0.75,0.826666667,0.85,0.783333333,0.736666667,0.85,0.783333333,0.65,0.716666667,0.85,0.716666667,0.803333333,0.65,0.65,0.65,0.65,0.34,0.826666667,0.483333333,0.726666667
8,0.85,0.85,0.816666667,0.6,0.65,0.85,0.55,0.35,0.77,0.826666667,0.85,0.65,0.85,0.826666667,0.85,0.683333333,0.783333333,0.85,0.65,0.65,0.683333333,0.683333333,0.85,0.65,0.816666667,0.816666667,0.65,0.55
9,0.85,0.85,0.693333333,0.383333333,0.816666667,0.783333333,0.35,0.35,0.75,0.826666667,0.793333333,0.4,0.77,0.85,0.85,0.533333333,0.716666667,0.636666667,0.513333333,0.75,0.76,0.346666667,0.85,0.283333333,0.726666667,0.783333333,0.476666667,0.283333333
10,0.8166666666666668,0.85,0.85,0.6833333333333332,0.8266666666666667,0.7600000000000001,0.6833333333333332,0.75,0.85,0.8166666666666668,0.8166666666666668,0.8166666666666668,0.8266666666666667,0.7833333333333333,0.7949999999999999,0.8266666666666667,0.8166666666666668,0.7833333333333333,0.85,0.7816666666666666,0.7933333333333333,0.8166666666666668,0.7833333333333333,0.6833333333333332,0.6833333333333332,0.8933333333333332,0.7600000000000001,0.7166666666666667
11,0.65,0.826666667,0.683333333,0.62,0.816666667,0.85,0.35,0.35,0.65,0.793333333,0.65,0.65,0.65,0.726666667,0.683333333,0.65,0.65,0.683333333,0.583333333,0.65,0.683333333,0.693333333,0.783333333,0.3,0.76,0.583333333,0.626666667,0.383333333
12,0.35,0.65,0.6,0.55,0.6,0.65,0.35,0.35,0.583333333,0.65,0.643333333,0.45,0.65,0.683333333,0.583333333,0.55,0.65,0.516666667,0.593333333,0.616666667,0.35,0.55,0.65,0.266666667,0.65,0.383333333,0.516666667,0.366666667
13,0.65,0.65,0.65,0.65,0.716666667,0.85,0.65,0.316666667,0.65,0.716666667,0.65,0.183333333,0.65,0.66,0.85,0.65,0.483333333,0.85,0.716666667,0.65,0.44,0.316666667,0.85,0.216666667,0.716666667,0.283333333,0.783333333,0.55
14,0.85,0.816666667,0.65,0.383333333,0.85,0.85,0.583333333,0.266666667,0.716666667,0.85,0.816666667,0.333333333,0.793333333,0.826666667,0.85,0.526666667,0.426666667,0.466666667,0.45,0.783333333,0.716666667,0.383333333,0.85,0.35,0.826666667,0.35,0.466666667,0.3
15,0.75,0.85,0.65,0.626666667,0.683333333,0.75,0.35,0.55,0.683333333,0.85,0.65,0.65,0.65,0.816666667,0.826666667,0.516666667,0.62,0.65,0.65,0.716666667,0.716666667,0.35,0.716666667,0.483333333,0.77,0.41,0.613333333,0.383333333
16,0.783333333,0.85,0.85,0.716666667,0.783333333,0.716666667,0.716666667,0.716666667,0.716666667,0.85,0.85,0.65,0.85,0.85,0.65,0.783333333,0.65,0.783333333,0.75,0.85,0.783333333,0.65,0.716666667,0.85,0.65,0.85,0.65,0.716666667
17,0.816666667,0.85,0.626666667,0.283333333,0.75,0.85,0.35,0.35,0.716666667,0.716666667,0.816666667,0.65,0.693333333,0.703333333,0.85,0.486666667,0.65,0.65,0.35,0.6,0.683333333,0.35,0.783333333,0.266666667,0.85,0.35,0.35,0.316666667
18,0.783333333,0.85,0.59,0.283333333,0.85,0.783333333,0.35,0.35,0.65,0.783333333,0.683333333,0.65,0.65,0.783333333,0.816666667,0.416666667,0.55,0.52,0.35,0.49,0.65,0.333333333,0.716666667,0.45,0.75,0.35,0.416666667,0.233333333
19,0.45,0.7600000000000001,0.8166666666666668,0.45,0.3666666666666666,0.4833333333333333,0.2166666666666666,0.2166666666666666,0.75,0.7833333333333333,0.7600000000000001,0.7366666666666667,0.7166666666666667,0.4833333333333334,0.25,0.8166666666666668,0.7933333333333333,0.7266666666666667,0.6833333333333332,0.3833333333333333,0.5833333333333334,0.8166666666666668,0.4833333333333334,0.5733333333333333,0.3166666666666666,0.8166666666666668,0.4066666666666667,0.4399999999999999
20,0.35,0.35,0.716666667,0.316666667,0.626666667,0.65,0.683333333,0.65,0.85,0.85,0.716666667,0.85,0.65,0.85,0.783333333,0.803333333,0.85,0.85,0.45,0.633333333,0.34,0.55,0.783333333,0.85,0.316666667,0.816666667,0.35,0.85
21,0.75,0.816666667,0.65,0.516666667,0.75,0.75,0.35,0.35,0.683333333,0.716666667,0.716666667,0.65,0.683333333,0.76,0.75,0.65,0.6,0.683333333,0.52,0.716666667,0.65,0.346666667,0.85,0.483333333,0.816666667,0.35,0.586666667,0.383333333
22,0.85,0.85,0.85,0.783333333,0.85,0.85,0.85,0.85,0.85,0.85,0.85,0.85,0.85,0.85,0.85,0.85,0.85,0.85,0.816666667,0.85,0.816666667,0.85,0.85,0.85,0.826666667,0.85,0.85,0.85
23,0.75,0.943333333,0.716666667,0.383333333,0.65,0.85,0.45,0.3,0.683333333,0.85,0.683333333,0.65,0.65,0.65,0.883333333,0.65,0.65,0.65,0.383333333,0.683333333,0.75,0.65,0.85,0.433333333,0.793333333,0.75,0.5,0.313333333
24,0.85,0.85,0.85,0.65,0.85,0.783333333,0.65,0.35,0.783333333,0.85,0.85,0.65,0.85,0.85,0.85,0.65,0.65,0.65,0.65,0.85,0.85,0.643333333,0.85,0.65,0.716666667,0.85,0.643333333,0.55
25,0.85,0.85,0.85,0.473333333,0.85,0.85,0.35,0.333333333,0.85,0.85,0.65,0.65,0.716666667,0.85,0.85,0.716666667,0.85,0.65,0.65,0.783333333,0.683333333,0.783333333,0.716666667,0.483333333,0.783333333,0.85,0.62,0.383333333
26,0.85,0.85,0.85,0.45,0.85,0.716666667,0.65,0.716666667,0.716666667,0.85,0.793333333,0.65,0.85,0.85,0.85,0.65,0.65,0.65,0.65,0.85,0.85,0.65,0.85,0.65,0.716666667,0.783333333,0.55,0.266666667
27,0.85,0.85,0.716666667,0.416666667,0.75,0.85,0.35,0.35,0.683333333,0.783333333,0.65,0.65,0.65,0.736666667,0.85,0.626666667,0.65,0.626666667,0.383333333,0.683333333,0.783333333,0.35,0.85,0.45,0.803333333,0.44,0.583333333,0.346666667
28,0.85,0.85,0.75,0.45,0.85,0.85,0.65,0.35,0.85,0.85,0.85,0.683333333,0.85,0.85,0.85,0.683333333,0.783333333,0.683333333,0.716666667,0.85,0.816666667,0.683333333,0.85,0.346666667,0.85,0.826666667,0.583333333,0.35
29,0.85,0.906666667,0.85,0.516666667,0.85,0.85,0.85,0.826666667,0.85,0.873333333,0.883333333,0.85,0.85,0.85,0.783333333,0.716666667,0.826666667,0.85,0.88,0.816666667,0.85,0.893333333,0.85,0.85,0.513333333,0.85,0.54,0.75
30,0.583333333,0.816666667,0.62,0.503333333,0.65,0.816666667,0.65,0.55,0.716666667,0.85,0.76,0.65,0.683333333,0.85,0.65,0.573333333,0.65,0.65,0.65,0.65,0.683333333,0.346666667,0.716666667,0.583333333,0.77,0.55,0.65,0.65
31,0.85,0.85,0.55,0.383333333,0.85,0.85,0.65,0.65,0.85,0.85,0.85,0.35,0.85,0.85,0.85,0.45,0.65,0.65,0.65,0.85,0.75,0.583333333,0.85,0.14,0.816666667,0.816666667,0.603333333,0.133333333
32,0.75,0.783333333,0.65,0.49,0.716666667,0.716666667,0.55,0.35,0.716666667,0.816666667,0.75,0.45,0.716666667,0.75,0.783333333,0.613333333,0.593333333,0.65,0.523333333,0.683333333,0.65,0.343333333,0.883333333,0.35,0.75,0.35,0.383333333,0.583333333
33,0.716666667,0.783333333,0.816666667,0.683333333,0.683333333,0.816666667,0.65,0.333333333,0.85,0.816666667,0.726666667,0.683333333,0.716666667,0.75,0.85,0.683333333,0.75,0.75,0.623333333,0.593333333,0.65,0.716666667,0.65,0.433333333,0.816666667,0.783333333,0.716666667,0.35
34,0.85,0.85,0.65,0.383333333,0.683333333,0.816666667,0.35,0.333333333,0.716666667,0.826666667,0.65,0.55,0.683333333,0.816666667,0.85,0.623333333,0.65,0.65,0.316666667,0.65,0.75,0.333333333,0.85,0.383333333,0.783333333,0.35,0.516666667,0.233333333
35,0.316666667,0.65,0.693333333,0.45,0.726666667,0.65,0.6,0.55,0.683333333,0.816666667,0.736666667,0.55,0.65,0.65,0.516666667,0.65,0.65,0.76,0.683333333,0.65,0.716666667,0.683333333,0.65,0.383333333,0.383333333,0.783333333,0.65,0.583333333
36,0.55,0.65,0.793333333,0.65,0.65,0.65,0.65,0.45,0.816666667,0.716666667,0.45,0.65,0.65,0.65,0.65,0.716666667,0.683333333,0.65,0.65,0.65,0.346666667,0.85,0.65,0.65,0.583333333,0.826666667,0.55,0.65
37,0.45,0.6,0.683333333,0.373333333,0.64,0.65,0.85,0.793333333,0.783333333,0.76,0.85,0.75,0.726666667,0.85,0.65,0.683333333,0.716666667,0.783333333,0.65,0.693333333,0.6,0.64,0.466666667,0.783333333,0.416666667,0.726666667,0.45,0.626666667
38,0.85,0.85,0.65,0.493333333,0.85,0.85,0.35,0.35,0.683333333,0.85,0.85,0.65,0.716666667,0.85,0.85,0.583333333,0.65,0.85,0.416666667,0.783333333,0.783333333,0.333333333,0.85,0.333333333,0.85,0.45,0.546666667,0.383333333
39,0.883333333,0.883333333,0.693333333,0.316666667,0.85,0.85,0.76,0.783333333,0.85,0.85,0.783333333,0.85,0.85,0.726666667,0.85,0.816666667,0.606666667,0.85,0.55,0.85,0.85,0.55,0.85,0.683333333,0.85,0.783333333,0.53,0.483333333
40,0.85,0.85,0.783333333,0.563333333,0.85,0.683333333,0.75,0.65,0.783333333,0.85,0.85,0.693333333,0.65,0.85,0.85,0.65,0.623333333,0.65,0.62,0.85,0.65,0.55,0.85,0.55,0.77,0.726666667,0.716666667,0.65
41,0.783333333,0.873333333,0.85,0.483333333,0.916666667,0.883333333,0.85,0.816666667,0.85,0.916666667,0.683333333,0.583333333,0.75,0.85,0.783333333,0.533333333,0.716666667,0.873333333,0.716666667,0.85,0.716666667,0.35,0.75,0.683333333,0.683333333,0.716666667,0.483333333,0.683333333
42,0.85,0.85,0.85,0.65,0.85,0.85,0.85,0.85,0.826666667,0.85,0.85,0.716666667,0.85,0.85,0.85,0.65,0.826666667,0.85,0.816666667,0.85,0.783333333,0.85,0.85,0.85,0.85,0.85,0.65,0.85
43,0.75,0.75,0.75,0.7166666666666667,0.75,0.6833333333333332,0.6,0.7166666666666667,0.75,0.7833333333333333,0.75,0.7166666666666667,0.7166666666666667,0.75,0.6833333333333332,0.7166666666666667,0.75,0.75,0.75,0.75,0.7166666666666667,0.6833333333333332,0.6,0.6333333333333333,0.6833333333333332,0.7833333333333333,0.75,0.45
44,0.3166666666666666,0.5333333333333333,0.8266666666666667,0.6666666666666666,0.5933333333333333,0.6833333333333332,0.5166666666666667,0.1666666666666666,0.85,0.7833333333333333,0.77,0.6933333333333334,0.7166666666666667,0.5499999999999999,0.3166666666666666,0.7933333333333333,0.85,0.4933333333333333,0.75,0.6,0.6166666666666667,0.85,0.7166666666666667,0.5499999999999999,0.0999999999999999,0.85,0.4833333333333334,0.45
45,0.56,0.65,0.65,0.523333333,0.35,0.613333333,0.35,0.35,0.65,0.65,0.45,0.65,0.65,0.516666667,0.783333333,0.65,0.546666667,0.626666667,0.383333333,0.416666667,0.35,0.35,0.65,0.28,0.65,0.35,0.45,0.583333333
46,0.65,0.65,0.583333333,0.383333333,0.62,0.716666667,0.333333333,0.3,0.65,0.716666667,0.683333333,0.266666667,0.65,0.65,0.683333333,0.45,0.35,0.383333333,0.416666667,0.6,0.583333333,0.3,0.716666667,0.083333333,0.65,0.35,0.483333333,0.04
47,0.85,0.85,0.85,0.85,0.85,0.85,0.3499999999999999,0.6833333333333332,0.7833333333333333,0.85,0.5499999999999999,0.3499999999999999,0.8266666666666667,0.85,0.8166666666666668,0.8166666666666668,0.85,0.6666666666666666,0.6833333333333332,0.85,0.8166666666666668,0.85,0.7466666666666667,0.7833333333333333,0.7166666666666667,0.85,0.85,0.4166666666666667
48,0.483333333,0.693333333,0.373333333,0.173333333,0.816666667,0.6,0.65,0.4,0.793333333,0.75,0.816666667,0.316666667,0.85,0.726666667,0.216666667,0.5,0.7,0.793333333,0.583333333,0.433333333,0.35,0.55,0.5,0.44,0.35,0.816666667,0.373333333,0.793333333
49,0.7833333333333333,0.8166666666666668,0.85,0.85,0.85,0.85,0.8033333333333333,0.7833333333333333,0.8166666666666668,0.85,0.85,0.85,0.85,0.85,0.7933333333333333,0.7933333333333333,0.8266666666666667,0.85,0.8266666666666667,0.85,0.8166666666666668,0.8033333333333333,0.85,0.85,0.8266666666666667,0.85,0.85,0.7833333333333333
50,0.816666667,0.783333333,0.65,0.416666667,0.65,0.783333333,0.333333333,0.35,0.683333333,0.816666667,0.726666667,0.266666667,0.683333333,0.75,0.85,0.6,0.45,0.603333333,0.25,0.716666667,0.35,0.316666667,0.85,0.413333333,0.693333333,0.35,0.516666667,0.2
51,0.716666667,0.75,0.613333333,0.316666667,0.75,0.816666667,0.65,0.283333333,0.683333333,0.793333333,0.783333333,0.65,0.75,0.77,0.716666667,0.65,0.593333333,0.75,0.6,0.75,0.716666667,0.333333333,0.85,0.383333333,0.75,0.683333333,0.516666667,0.283333333
52,0.75,0.85,0.716666667,0.48,0.75,0.75,0.35,0.333333333,0.65,0.85,0.686666667,0.65,0.65,0.783333333,0.85,0.623333333,0.616666667,0.65,0.553333333,0.55,0.55,0.316666667,0.85,0.313333333,0.816666667,0.35,0.5,0.383333333
53,0.61,0.85,0.626666667,0.35,0.783333333,0.783333333,0.35,0.35,0.716666667,0.816666667,0.65,0.65,0.65,0.726666667,0.683333333,0.583333333,0.65,0.576666667,0.433333333,0.716666667,0.683333333,0.433333333,0.85,0.583333333,0.736666667,0.523333333,0.59,0.283333333
54,0.5833333333333334,0.7166666666666667,0.85,0.65,0.7833333333333333,0.7166666666666667,0.65,0.65,0.8266666666666667,0.85,0.85,0.7833333333333333,0.65,0.85,0.65,0.65,0.7833333333333333,0.7166666666666667,0.7166666666666667,0.65,0.65,0.65,0.6066666666666666,0.65,0.65,0.85,0.7833333333333333,0.65
55,0.65,0.75,0.683333333,0.506666667,0.65,0.596666667,0.35,0.35,0.65,0.716666667,0.65,0.65,0.65,0.726666667,0.65,0.65,0.6,0.616666667,0.45,0.65,0.65,0.583333333,0.65,0.383333333,0.683333333,0.683333333,0.626666667,0.346666667
56,0.716666667,0.826666667,0.58,0.416666667,0.683333333,0.65,0.333333333,0.333333333,0.45,0.71,0.55,0.333333333,0.483333333,0.65,0.85,0.45,0.35,0.466666667,0.316666667,0.65,0.35,0.333333333,0.783333333,0.173333333,0.693333333,0.35,0.35,0.35
57,0.65,0.75,0.65,0.45,0.716666667,0.75,0.35,0.35,0.65,0.716666667,0.65,0.65,0.65,0.65,0.716666667,0.563333333,0.65,0.62,0.583333333,0.65,0.716666667,0.55,0.65,0.48,0.816666667,0.75,0.583333333,0.35
58,0.77,,,,0.816666667,0.76,,,0.793333333,,,0.77,,,,,,,0.75,,,,,0.77,0.716666667,0.793333333,,0.76
59,0.75,0.85,0.75,0.593333333,0.65,0.816666667,0.35,0.35,0.65,0.826666667,0.65,0.726666667,0.76,0.736666667,0.783333333,0.683333333,0.683333333,0.783333333,0.533333333,0.65,0.65,0.35,0.85,0.583333333,0.85,0.77,0.62,0.516666667
60,0.65,0.85,0.793333333,0.65,0.783333333,0.783333333,0.783333333,0.716666667,0.65,0.783333333,0.85,0.65,0.65,0.85,0.65,0.583333333,0.65,0.783333333,0.716666667,0.85,0.65,0.716666667,0.65,0.85,0.65,0.85,0.65,0.65
61,0.76,0.716666667,0.65,0.55,0.716666667,0.826666667,0.65,0.45,0.893333333,0.926666667,0.906666667,0.65,0.816666667,0.816666667,0.883333333,0.65,0.65,0.683333333,0.65,0.783333333,0.716666667,0.173333333,0.94,0.216666667,0.783333333,0.75,0.683333333,0.55
62,0.45,0.3499999999999999,0.8166666666666668,0.5833333333333334,0.61,0.4833333333333334,0.3499999999999999,0.34,0.91,0.7166666666666667,0.6333333333333333,0.8166666666666668,0.65,0.7066666666666667,0.4733333333333333,0.7833333333333333,0.7833333333333333,0.5833333333333334,0.8166666666666668,0.5566666666666666,0.5499999999999999,0.8933333333333332,0.5166666666666667,0.6,0.2833333333333333,0.85,0.3833333333333333,0.4733333333333333
63,0.45,0.816666667,0.65,0.316666667,0.65,0.75,0.34,0.316666667,0.683333333,0.826666667,0.643333333,0.65,0.65,0.65,0.816666667,0.623333333,0.35,0.52,0.35,0.65,0.65,0.35,0.716666667,0.28,0.793333333,0.35,0.383333333,0.483333333
64,0.85,0.85,0.85,0.573333333,0.85,0.85,0.85,0.85,0.826666667,0.85,0.85,0.85,0.85,0.85,0.85,0.816666667,0.783333333,0.85,0.716666667,0.85,0.816666667,0.85,0.85,0.85,0.85,0.85,0.816666667,0.85
65,0.816666667,0.816666667,0.716666667,0.62,0.75,0.85,0.45,0.35,0.76,0.783333333,0.676666667,0.716666667,0.783333333,0.683333333,0.783333333,0.683333333,0.683333333,0.683333333,0.656666667,0.75,0.76,0.693333333,0.85,0.483333333,0.75,0.716666667,0.683333333,0.516666667
66,0.783333333,0.85,0.65,0.35,0.816666667,0.783333333,0.35,0.45,0.75,0.85,0.793333333,0.65,0.693333333,0.793333333,0.85,0.65,0.683333333,0.683333333,0.49,0.553333333,0.65,0.346666667,0.85,0.65,0.77,0.77,0.62,0.38
67,0.816666667,0.85,0.65,0.46,0.85,0.783333333,0.35,0.35,0.683333333,0.793333333,0.71,0.726666667,0.726666667,0.803333333,0.793333333,0.62,0.576666667,0.516666667,0.453333333,0.716666667,0.726666667,0.483333333,0.85,0.366666667,0.85,0.55,0.626666667,0.35
68,0.75,0.85,0.783333333,0.626666667,0.716666667,0.85,0.65,0.45,0.75,0.803333333,0.783333333,0.65,0.826666667,0.85,0.85,0.65,0.75,0.85,0.583333333,0.65,0.643333333,0.65,0.85,0.583333333,0.65,0.803333333,0.65,0.65
69,0.716666667,0.75,0.716666667,0.57,0.85,0.783333333,0.65,0.683333333,0.783333333,0.75,0.75,0.716666667,0.783333333,0.816666667,0.716666667,0.683333333,0.683333333,0.816666667,0.716666667,0.816666667,0.716666667,0.783333333,0.75,0.683333333,0.65,0.75,0.58,0.716666667
70,0.65,0.85,0.716666667,0.583333333,0.85,0.783333333,0.85,0.65,0.816666667,0.85,0.85,0.65,0.783333333,0.85,0.716666667,0.62,0.65,0.71,0.65,0.85,0.65,0.783333333,0.783333333,0.54,0.55,0.85,0.55,0.45
71,0.75,0.826666667,0.683333333,0.46,0.683333333,0.85,0.35,0.35,0.716666667,0.793333333,0.65,0.65,0.693333333,0.726666667,0.826666667,0.65,0.56,0.683333333,0.616666667,0.65,0.683333333,0.333333333,0.716666667,0.35,0.75,0.55,0.65,0.35
72,0.726666667,0.783333333,0.77,0.463333333,0.75,0.76,0.283333333,0.666666667,0.76,0.783333333,0.75,0.31,0.76,0.75,0.726666667,0.463333333,0.423333333,0.483333333,0.45,0.816666667,0.826666667,0.793333333,0.816666667,0.316666667,0.76,0.75,0.646666667,0.306666667
73,0.716666667,0.85,0.783333333,0.583333333,0.716666667,0.75,0.35,0.35,0.726666667,0.85,0.85,0.65,0.76,0.85,0.85,0.716666667,0.716666667,0.683333333,0.6,0.65,0.683333333,0.346666667,0.85,0.516666667,0.683333333,0.78,0.716666667,0.416666667
74,0.916666667,0.93,0.816666667,0.683333333,0.683333333,0.816666667,0.543333333,0.45,0.75,0.806666667,0.643333333,0.75,0.783333333,0.76,0.85,0.716666667,0.843333333,0.716666667,0.683333333,0.65,0.716666667,0.676666667,0.783333333,0.48,0.816666667,0.76,0.683333333,0.483333333
75,0.6166666666666666,0.7616666666666667,0.85,0.75,0.75,0.5666666666666667,0.65,0.6433333333333334,0.85,0.7833333333333333,0.7933333333333333,0.64,0.7833333333333333,0.7833333333333333,0.66,0.7833333333333333,0.8166666666666668,0.6833333333333332,0.85,0.6266666666666666,0.5499999999999999,0.85,0.5166666666666667,0.3466666666666667,0.4166666666666667,0.85,0.65,0.5466666666666667
76,0.783333333,0.716666667,0.65,0.65,0.75,0.75,0.65,0.65,0.683333333,0.873333333,0.783333333,0.65,0.783333333,0.816666667,0.906666667,0.65,0.65,0.75,0.343333333,0.716666667,0.75,0.383333333,0.94,0.413333333,0.716666667,0.65,0.65,0.316666667
77,0.55,0.65,0.85,0.65,0.85,0.783333333,0.85,0.783333333,0.873333333,0.85,0.85,0.85,0.783333333,0.85,0.85,0.65,0.783333333,0.85,0.65,0.716666667,0.65,0.65,0.85,0.85,0.55,0.829666667,0.65,0.85
78,0.783333333,0.726666667,0.65,0.62,0.65,0.816666667,0.65,0.55,0.716666667,0.793333333,0.65,0.65,0.826666667,0.693333333,0.85,0.65,0.683333333,0.683333333,0.6,0.516666667,0.65,0.35,0.85,0.516666667,0.716666667,0.55,0.683333333,0.516666667
79,0.5499999999999999,0.5833333333333334,0.8166666666666668,0.6233333333333334,0.65,0.65,0.3066666666666666,0.5499999999999999,0.7833333333333333,0.8266666666666667,0.7833333333333333,0.7383333333333333,0.3166666666666667,0.7033333333333335,0.2266666666666666,0.85,0.85,0.65,0.65,0.6,0.5333333333333333,0.85,0.65,0.4399999999999999,0.3899999999999999,0.8033333333333333,0.65,0.65
80,0.583333333,0.65,0.76,0.376666667,0.85,0.65,0.76,0.35,0.85,0.783333333,0.876666667,0.683333333,0.816666667,0.816666667,0.516666667,0.65,0.716666667,0.75,0.716666667,0.75,0.48,0.35,0.716666667,0.346666667,0.55,0.616666667,0.483333333,0.416666667
81,0.45,0.75,0.85,0.75,0.75,0.75,0.75,0.75,0.8166666666666668,0.85,0.7833333333333333,0.75,0.75,0.75,0.7166666666666667,0.75,0.75,0.8166666666666668,0.7833333333333333,0.75,0.5499999999999999,0.75,0.6066666666666667,0.75,0.6066666666666666,0.8166666666666668,0.8166666666666668,0.3999999999999999
82,0.65,0.75,0.65,0.383333333,0.716666667,0.75,0.35,0.35,0.716666667,0.716666667,0.683333333,0.55,0.65,0.683333333,0.75,0.45,0.65,0.633333333,0.496666667,0.6,0.683333333,0.333333333,0.65,0.483333333,0.65,0.683333333,0.416666667,0.333333333
83,0.85,0.85,0.75,0.35,0.771666667,0.85,0.65,0.45,0.76,0.826666667,0.783333333,0.683333333,0.816666667,0.65,0.85,0.55,0.55,0.65,0.45,0.816666667,0.716666667,0.65,0.85,0.65,0.85,0.45,0.603333333,0.55
84,0.35,0.816666667,0.816666667,0.483333333,0.783333333,0.65,0.816666667,0.65,0.816666667,0.783333333,0.783333333,0.606666667,0.65,0.816666667,0.55,0.493333333,0.62,0.783333333,0.65,0.65,0.35,0.65,0.65,0.683333333,0.5,0.683333333,0.34,0.683333333
85,0.783333333,0.85,0.65,0.383333333,0.683333333,0.85,0.35,0.35,0.683333333,0.85,0.683333333,0.55,0.683333333,0.716666667,0.85,0.583333333,0.35,0.816666667,0.316666667,0.683333333,0.683333333,0.35,0.85,0.38,0.736666667,0.35,0.35,0.383333333
86,0.683333333,0.85,0.65,0.416666667,0.75,0.816666667,0.35,0.35,0.683333333,0.826666667,0.716666667,0.55,0.683333333,0.85,0.816666667,0.56,0.65,0.65,0.48,0.683333333,0.683333333,0.35,0.85,0.416666667,0.826666667,0.75,0.57,0.273333333
87,0.716666667,0.783333333,0.62,0.413333333,0.783333333,0.75,0.55,0.683333333,0.716666667,0.76,0.726666667,0.673333333,0.683333333,0.726666667,0.716666667,0.623333333,0.65,0.716666667,0.516666667,0.716666667,0.75,0.55,0.85,0.516666667,0.726666667,0.726666667,0.45,0.383333333
88,0.693333333,0.75,0.716666667,0.65,0.716666667,0.85,0.803333333,0.793333333,0.816666667,0.816666667,0.74,0.683333333,0.673333333,0.76,0.716666667,0.64,0.716666667,0.816666667,0.683333333,0.85,0.65,0.683333333,0.65,0.65,0.543333333,0.793333333,0.55,0.75
89,0.85,0.85,0.716666667,0.573333333,0.85,0.85,0.35,0.55,0.783333333,0.85,0.65,0.65,0.783333333,0.85,0.85,0.65,0.65,0.783333333,0.6,0.65,0.65,0.276666667,0.85,0.233333333,0.85,0.65,0.526666667,0.266666667
90,0.783333333,0.85,0.716666667,0.65,0.716666667,0.716666667,0.783333333,0.85,0.85,0.85,0.85,0.716666667,0.65,0.716666667,0.65,0.65,0.716666667,0.85,0.716666667,0.783333333,0.65,0.716666667,0.65,0.783333333,0.65,0.783333333,0.65,0.716666667
91,0.616666667,0.85,0.85,0.583333333,0.716666667,0.85,0.526666667,0.583333333,0.816666667,0.85,0.826666667,0.803333333,0.65,0.77,0.803333333,0.85,0.85,0.85,0.76,0.616666667,0.716666667,0.85,0.793333333,0.726666667,0.383333333,0.85,0.583333333,0.583333333
92,0.683333333,0.683333333,0.5,0.416666667,0.716666667,0.683333333,0.65,0.35,0.65,0.816666667,0.683333333,0.283333333,0.683333333,0.683333333,0.76,0.57,0.35,0.75,0.45,0.576666667,0.583333333,0.0,0.716666667,0.35,0.45,0.35,0.383333333,0.35
93,0.35,0.65,0.62,0.35,0.65,0.613333333,0.65,0.65,0.65,0.65,0.65,0.45,0.65,0.65,0.283333333,0.35,0.65,0.62,0.543333333,0.65,0.346666667,0.65,0.383333333,0.65,0.343333333,0.65,0.316666667,0.65
94,0.45,0.65,0.7833333333333333,0.6833333333333332,0.85,0.65,0.65,0.65,0.65,0.65,0.65,0.65,0.65,0.65,0.65,0.65,0.65,0.6833333333333332,0.62,0.6833333333333332,0.65,0.65,0.62,0.65,0.5499999999999999,0.7600000000000001,0.65,0.65
95,0.65,0.816666667,0.826666667,0.65,0.76,0.693333333,0.783333333,0.783333333,0.76,0.783333333,0.816666667,0.783333333,0.826666667,0.85,0.65,0.65,0.77,0.85,0.75,0.816666667,0.683333333,0.683333333,0.716666667,0.716666667,0.55,0.85,0.55,0.726666667
96,0.283333333,0.65,0.65,0.31,0.65,0.65,0.416666667,0.45,0.65,0.716666667,0.65,0.65,0.55,0.65,0.383333333,0.316666667,0.533333333,0.55,0.65,0.55,0.65,0.583333333,0.65,0.516666667,0.45,0.583333333,0.583333333,0.25
97,0.85,0.826666667,0.85,0.77,0.783333333,0.726666667,0.85,0.65,0.793333333,0.826666667,0.826666667,0.76,0.85,0.85,0.85,0.85,0.76,0.85,0.683333333,0.736666667,0.693333333,0.55,0.85,0.85,0.736666667,0.85,0.65,0.826666667
98,0.25,0.6833333333333332,0.7600000000000001,0.34,0.6766666666666667,0.21,0.1833333333333333,0.2166666666666666,0.8063333333333333,0.75,0.7600000000000001,0.7166666666666667,0.3166666666666666,0.44,0.3999999999999999,0.75,0.7616666666666667,0.7266666666666666,0.75,0.2066666666666666,0.25,0.77,0.7166666666666667,0.16,0.16,0.7733333333333333,0.3499999999999999,0.23
99,0.54,0.6433333333333334,0.85,0.65,0.5433333333333333,0.45,0.34,0.33,0.7433333333333333,0.6766666666666666,0.6366666666666667,0.65,0.65,0.65,0.4733333333333333,0.65,0.85,0.5433333333333333,0.65,0.5499999999999999,0.65,0.71,0.4399999999999999,0.54,0.3499999999999999,0.8166666666666668,0.5366666666666666,0.2333333333333333
100,0.85,0.85,0.683333333,0.65,0.816666667,0.816666667,0.65,0.65,0.716666667,0.816666667,0.783333333,0.65,0.726666667,0.85,0.85,0.626666667,0.65,0.816666667,0.623333333,0.683333333,0.65,0.346666667,0.85,0.35,0.85,0.716666667,0.65,0.45
101,0.816666667,0.783333333,0.683333333,0.516666667,0.783333333,0.683333333,0.683333333,0.75,0.783333333,0.816666667,0.603333333,0.65,0.783333333,0.783333333,0.716666667,0.65,0.75,0.783333333,0.716666667,0.65,0.75,0.716666667,0.75,0.416666667,0.606666667,0.783333333,0.583333333,0.596666667
102,0.683333333,0.75,0.65,0.416666667,0.84,0.716666667,0.683333333,0.716666667,0.716666667,0.716666667,0.77,0.65,0.75,0.683333333,0.65,0.65,0.683333333,0.75,0.716666667,0.65,0.683333333,0.716666667,0.65,0.683333333,0.546666667,0.75,0.516666667,0.616666667
103,0.783333333,0.85,0.556666667,0.35,0.683333333,0.783333333,0.65,0.35,0.643333333,0.76,0.65,0.416666667,0.726666667,0.726666667,0.85,0.62,0.45,0.556666667,0.35,0.65,0.716666667,0.346666667,0.85,0.313333333,0.793333333,0.35,0.406666667,0.38
104,0.916666667,0.893333333,0.75,0.57,0.916666667,0.916666667,0.45,0.433333333,0.716666667,0.873333333,0.75,0.65,0.716666667,0.916666667,0.883333333,0.65,0.65,0.62,0.65,0.716666667,0.85,0.45,0.906666667,0.283333333,0.736666667,0.816666667,0.65,0.333333333
105,0.633333333,0.85,0.683333333,0.316666667,0.683333333,0.65,0.35,0.35,0.716666667,0.85,0.77,0.65,0.683333333,0.726666667,0.716666667,0.613333333,0.65,0.62,0.62,0.626666667,0.65,0.683333333,0.783333333,0.583333333,0.65,0.726666667,0.42,0.416666667
106,0.85,0.85,0.65,0.516666667,0.85,0.783333333,0.55,0.35,0.783333333,0.85,0.85,0.65,0.85,0.85,0.716666667,0.583333333,0.65,0.643333333,0.65,0.783333333,0.716666667,0.65,0.85,0.25,0.716666667,0.85,0.65,0.45
107,0.3499999999999999,0.85,0.8166666666666668,0.54,0.7166666666666667,0.5633333333333334,0.3499999999999999,0.3499999999999999,0.75,0.85,0.85,0.45,0.7266666666666667,0.85,0.3999999999999999,0.85,0.85,0.4666666666666666,0.6166666666666667,0.4833333333333333,0.65,0.85,0.66,0.5499999999999999,0.2733333333333333,0.85,0.5666666666666668,0.3833333333333333
108,0.85,0.85,0.816666667,0.516666667,0.85,0.85,0.85,0.85,0.816666667,0.85,0.85,0.716666667,0.85,0.85,0.85,0.533333333,0.566666667,0.85,0.55,0.85,0.75,0.85,0.85,0.65,0.783333333,0.816666667,0.516666667,0.783333333
109,0.85,0.85,0.583333333,0.2,0.85,0.85,0.283333333,0.583333333,0.673333333,0.85,0.85,0.35,0.816666667,0.716666667,0.85,0.383333333,0.6,0.583333333,0.516666667,0.783333333,0.783333333,0.366666667,0.85,0.15,0.85,0.85,0.6,0.09
110,0.716666667,0.85,0.783333333,0.65,0.85,0.85,0.716666667,0.826666667,0.85,0.75,0.76,0.643333333,0.6,0.75,0.683333333,0.683333333,0.85,0.85,0.75,0.783333333,0.783333333,0.75,0.683333333,0.683333333,0.61,0.85,0.576666667,0.6
111,0.65,0.783333333,0.76,0.45,0.716666667,0.716666667,0.716666667,0.683333333,0.716666667,0.816666667,0.75,0.65,0.65,0.783333333,0.65,0.75,0.75,0.75,0.716666667,0.78,0.683333333,0.726666667,0.65,0.65,0.55,0.75,0.65,0.716666667
112,0.65,0.7166666666666667,0.85,0.7166666666666667,0.7166666666666667,0.7166666666666667,0.65,0.65,0.7166666666666667,0.7833333333333333,0.7166666666666667,0.65,0.65,0.7833333333333333,0.5499999999999999,0.7166666666666667,0.7166666666666667,0.7833333333333333,0.85,0.7166666666666667,0.65,0.65,0.5833333333333334,0.5833333333333334,0.5833333333333334,0.85,0.85,0.65
113,0.716666667,0.816666667,0.85,0.586666667,0.783333333,0.783333333,0.45,0.716666667,0.783333333,0.783333333,0.75,0.716666667,0.783333333,0.726666667,0.816666667,0.716666667,0.783333333,0.816666667,0.616666667,0.683333333,0.683333333,0.816666667,0.85,0.65,0.616666667,0.75,0.623333333,0.6
114,0.783333333,0.816666667,0.65,0.52,0.783333333,0.783333333,0.35,0.35,0.75,0.816666667,0.683333333,0.683333333,0.783333333,0.76,0.783333333,0.62,0.683333333,0.65,0.45,0.65,0.783333333,0.35,0.716666667,0.583333333,0.793333333,0.716666667,0.583333333,0.413333333
115,0.783333333,0.816666667,0.75,0.623333333,0.783333333,0.716666667,0.683333333,0.65,0.716666667,0.816666667,0.85,0.616666667,0.793333333,0.783333333,0.816666667,0.65,0.683333333,0.716666667,0.716666667,0.683333333,0.75,0.75,0.85,0.65,0.76,0.75,0.683333333,0.57
116,0.85,0.85,0.53,0.383333333,0.85,0.816666667,0.35,0.35,0.65,0.85,0.65,0.65,0.693333333,0.76,0.85,0.556666667,0.503333333,0.546666667,0.416666667,0.6,0.65,0.35,0.85,0.483333333,0.816666667,0.35,0.416666667,0.35
117,0.716666667,0.826666667,0.683333333,0.466666667,0.716666667,0.783333333,0.35,0.35,0.65,0.826666667,0.65,0.273333333,0.693333333,0.75,0.85,0.466666667,0.35,0.85,0.623333333,0.65,0.65,0.333333333,0.85,0.166666667,0.77,0.35,0.613333333,0.416666667
118,0.783333333,0.75,0.65,0.56,0.783333333,0.783333333,0.35,0.65,0.716666667,0.816666667,0.783333333,0.65,0.76,0.783333333,0.85,0.576666667,0.65,0.783333333,0.62,0.683333333,0.683333333,0.346666667,0.85,0.55,0.76,0.783333333,0.65,0.383333333
119,0.4733333333333333,0.8266666666666667,0.7166666666666667,0.4333333333333333,0.6333333333333333,0.7166666666666667,0.3166666666666666,0.3166666666666666,0.7600000000000001,0.7833333333333333,0.8166666666666668,0.5499999999999999,0.65,0.7166666666666667,0.4166666666666667,0.8166666666666668,0.85,0.6,0.6833333333333332,0.5833333333333334,0.6166666666666667,0.8266666666666667,0.5333333333333333,0.2833333333333333,0.2833333333333333,0.75,0.6,0.34
120,0.6,0.85,0.55,0.35,0.643333333,0.816666667,0.816666667,0.683333333,0.75,0.816666667,0.683333333,0.483333333,0.55,0.65,0.826666667,0.546666667,0.316666667,0.783333333,0.52,0.716666667,0.75,0.183333333,0.816666667,0.383333333,0.583333333,0.61,0.556666667,0.516666667
121,0.716666667,0.85,0.85,0.65,0.783333333,0.783333333,0.65,0.716666667,0.816666667,0.85,0.85,0.783333333,0.783333333,0.85,0.65,0.65,0.65,0.85,0.65,0.85,0.783333333,0.85,0.65,0.716666667,0.65,0.85,0.716666667,0.65
122,0.3499999999999999,0.4933333333333333,0.85,0.85,0.6,0.3499999999999999,0.3499999999999999,0.3499999999999999,0.85,0.8166666666666668,0.4433333333333333,0.7166666666666667,0.45,0.6066666666666666,0.5066666666666667,0.5566666666666666,0.5566666666666666,0.51,0.6033333333333334,0.5766666666666667,0.4433333333333333,0.7799999999999999,0.59,0.4066666666666667,0.2833333333333333,0.7833333333333333,0.6433333333333334,0.3166666666666666
123,0.85,0.916666667,0.85,0.716666667,0.883333333,0.906666667,0.906666667,0.873333333,0.883333333,0.883333333,0.85,0.85,0.883333333,0.883333333,0.936666667,0.783333333,0.85,0.926666667,0.816666667,0.85,0.88,0.75,0.873333333,0.783333333,0.783333333,0.893333333,0.65,0.816666667
124,0.816666667,0.85,0.76,0.606666667,0.85,0.75,0.85,0.783333333,0.85,0.716666667,0.616666667,0.55,0.683333333,0.693333333,0.816666667,0.566666667,0.683333333,0.85,0.716666667,0.716666667,0.65,0.593333333,0.683333333,0.406666667,0.283333333,0.793333333,0.4,0.483333333
125,0.3499999999999999,0.3499999999999999,0.7833333333333333,0.5,0.3499999999999999,0.5599999999999999,0.3499999999999999,0.3499999999999999,0.6833333333333332,0.65,0.45,0.45,0.65,0.65,0.5499999999999999,0.7166666666666667,0.85,0.45,0.6166666666666667,0.4666666666666666,0.3499999999999999,0.7833333333333333,0.45,0.6,0.1999999999999999,0.85,0.3499999999999999,0.3166666666666666
126,0.65,0.85,0.85,0.626666667,0.783333333,0.85,0.65,0.35,0.65,0.85,0.65,0.65,0.85,0.716666667,0.85,0.716666667,0.85,0.85,0.62,0.716666667,0.65,0.546666667,0.85,0.65,0.85,0.826666667,0.626666667,0.583333333
127,0.783333333,0.793333333,0.65,0.473333333,0.716666667,0.816666667,0.333333333,0.35,0.643333333,0.816666667,0.736666667,0.65,0.65,0.736666667,0.683333333,0.57,0.65,0.616666667,0.483333333,0.683333333,0.716666667,0.35,0.716666667,0.433333333,0.65,0.55,0.483333333,0.366666667
128,0.85,0.85,0.716666667,0.62,0.85,0.85,0.45,0.35,0.76,0.85,0.826666667,0.716666667,0.85,0.85,0.85,0.65,0.75,0.85,0.65,0.783333333,0.85,0.45,0.85,0.516666667,0.85,0.816666667,0.65,0.583333333
129,0.85,0.85,0.65,0.45,0.85,0.783333333,0.65,0.45,0.65,0.85,0.65,0.35,0.65,0.783333333,0.85,0.56,0.65,0.65,0.65,0.716666667,0.65,0.583333333,0.85,0.45,0.65,0.783333333,0.65,0.516666667
130,0.5833333333333334,0.8166666666666668,0.8266666666666667,0.7833333333333333,0.7600000000000001,0.8266666666666667,0.3499999999999999,0.45,0.8166666666666668,0.7799999999999999,0.8033333333333333,0.7600000000000001,0.7166666666666667,0.7600000000000001,0.75,0.7366666666666667,0.6933333333333334,0.8166666666666668,0.7833333333333333,0.8033333333333333,0.5833333333333334,0.7600000000000001,0.85,0.75,0.3833333333333333,0.8266666666666667,0.77,0.5066666666666667
131,0.85,0.85,0.85,0.283333333,0.85,0.85,0.44,0.85,0.816666667,0.85,0.85,0.373333333,0.85,0.85,0.783333333,0.803333333,0.85,0.643333333,0.816666667,0.85,0.85,0.85,0.85,0.2,0.826666667,0.85,0.783333333,0.59
132,0.75,0.873333333,0.716666667,0.416666667,0.816666667,0.783333333,0.683333333,0.35,0.75,0.783333333,0.85,0.583333333,0.816666667,0.783333333,0.75,0.683333333,0.716666667,0.516666667,0.65,0.783333333,0.75,0.383333333,0.85,0.416666667,0.683333333,0.716666667,0.416666667,0.333333333
133,0.716666667,0.816666667,0.65,0.383333333,0.783333333,0.783333333,0.35,0.35,0.716666667,0.803333333,0.803333333,0.65,0.65,0.816666667,0.816666667,0.65,0.62,0.716666667,0.543333333,0.75,0.716666667,0.35,0.85,0.38,0.726666667,0.55,0.65,0.35
134,0.85,0.783333333,0.65,0.35,0.726666667,0.65,0.55,0.65,0.65,0.716666667,0.65,0.65,0.85,0.65,0.65,0.65,0.65,0.716666667,0.716666667,0.783333333,0.65,0.65,0.65,0.45,0.54,0.85,0.65,0.283333333
135,0.683333333,0.85,0.596666667,0.35,0.61,0.716666667,0.35,0.35,0.65,0.85,0.45,0.55,0.65,0.693333333,0.826666667,0.516666667,0.623333333,0.483333333,0.383333333,0.516666667,0.75,0.343333333,0.783333333,0.383333333,0.803333333,0.35,0.35,0.283333333
136,0.716666667,0.85,0.62,0.473333333,0.6,0.85,0.35,0.35,0.65,0.76,0.65,0.65,0.65,0.693333333,0.85,0.546666667,0.5,0.683333333,0.516666667,0.556666667,0.476666667,0.346666667,0.716666667,0.316666667,0.76,0.35,0.35,0.383333333
137,0.6,0.783333333,0.716666667,0.55,0.653333333,0.65,0.683333333,0.65,0.75,0.75,0.783333333,0.55,0.716666667,0.816666667,0.626666667,0.556666667,0.65,0.683333333,0.566666667,0.616666667,0.683333333,0.65,0.716666667,0.576666667,0.65,0.683333333,0.556666667,0.65
138,0.683333333,0.85,0.493333333,0.35,0.716666667,0.783333333,0.35,0.35,0.683333333,0.783333333,0.716666667,0.65,0.683333333,0.803333333,0.826666667,0.416666667,0.65,0.65,0.433333333,0.716666667,0.683333333,0.35,0.716666667,0.416666667,0.683333333,0.45,0.35,0.383333333
139,0.826666667,0.793333333,0.716666667,0.55,0.683333333,0.76,0.793333333,0.683333333,0.85,0.85,0.876666667,0.716666667,0.85,0.873333333,0.76,0.65,0.75,0.783333333,0.716666667,0.816666667,0.783333333,0.693333333,0.783333333,0.65,0.683333333,0.816666667,0.35,0.55
140,0.3166666666666666,0.6433333333333334,0.75,0.52,0.3499999999999999,0.5499999999999999,0.3499999999999999,0.3499999999999999,0.7600000000000001,0.7166666666666667,0.6766666666666666,0.6833333333333332,0.3499999999999999,0.5499999999999999,0.6733333333333333,0.75,0.8166666666666668,0.3499999999999999,0.65,0.5499999999999999,0.3499999999999999,0.85,0.5666666666666668,0.54,0.0499999999999999,0.7933333333333333,0.3499999999999999,0.1333333333333333
141,0.85,0.85,0.56,0.416666667,0.85,0.85,0.35,0.34,0.683333333,0.85,0.686666667,0.55,0.816666667,0.78,0.85,0.62,0.626666667,0.58,0.416666667,0.62,0.65,0.333333333,0.85,0.313333333,0.793333333,0.35,0.383333333,0.38
142,0.85,0.85,0.793333333,0.65,0.85,0.85,0.693333333,0.65,0.806666667,0.85,0.85,0.693333333,0.793333333,0.85,0.85,0.693333333,0.783333333,0.803333333,0.75,0.793333333,0.783333333,0.683333333,0.85,0.383333333,0.736666667,0.683333333,0.826666667,0.606666667
143,0.816666667,0.85,0.793333333,0.35,0.76,0.793333333,0.416666667,0.3,0.793333333,0.816666667,0.716666667,0.573333333,0.85,0.75,0.783333333,0.616666667,0.76,0.516666667,0.5,0.716666667,0.736666667,0.816666667,0.85,0.083333333,0.6,0.816666667,0.35,0.116666667
144,0.85,0.943333333,0.683333333,0.516666667,0.75,0.916666667,0.35,0.45,0.76,0.92,0.65,0.65,0.716666667,0.65,0.883333333,0.65,0.716666667,0.683333333,0.316666667,0.75,0.826666667,0.45,0.95,0.383333333,0.896666667,0.783333333,0.716666667,0.383333333
145,0.576666,0.81,0.816666,0.613333,0.626666,0.783333,0.399999,0.6,0.71,0.783333,0.714999333,0.716666,0.683333,0.586666,0.61,0.576666,0.683333,0.616666,0.633333,0.783333,0.783333,0.716666,0.5,0.716666,0.706666,0.816666,0.583333,0.45
146,0.683333333,0.85,0.626666667,0.383333333,0.683333333,0.85,0.35,0.35,0.45,0.65,0.65,0.283333333,0.65,0.65,0.85,0.546666667,0.35,0.65,0.35,0.6,0.65,0.346666667,0.65,0.133333333,0.793333333,0.35,0.583333333,0.216666667
147,0.85,0.85,0.683333333,0.383333333,0.783333333,0.85,0.35,0.35,0.686666667,0.85,0.643333333,0.55,0.793333333,0.85,0.85,0.683333333,0.6,0.65,0.483333333,0.783333333,0.75,0.346666667,0.85,0.346666667,0.85,0.45,0.383333333,0.416666667
148,0.2166666666666666,0.85,0.85,0.3166666666666666,0.5633333333333334,0.5066666666666667,0.45,0.2833333333333333,0.9166666666666666,0.85,0.85,0.7400000000000001,0.3499999999999999,0.6933333333333334,0.5499999999999999,0.85,0.85,0.54,0.6933333333333334,0.6033333333333334,0.65,0.85,0.85,0.6,0.3166666666666666,0.85,0.3499999999999999,0.3499999999999999
149,0.35,0.85,0.626666667,0.24,0.783333333,0.783333333,0.35,0.45,0.816666667,0.85,0.85,0.61,0.85,0.97,0.65,0.75,0.333333333,0.85,0.383333333,0.783333333,0.85,0.826666667,0.873333333,0.5,0.35,0.783333333,0.34,0.416666667
150,0.85,0.926666667,0.816666667,0.683333333,0.916666667,0.883333333,0.783333333,0.683333333,0.783333333,0.92,0.926666667,0.716666667,0.916666667,0.85,0.873333333,0.65,0.816666667,0.883333333,0.65,0.716666667,0.783333333,0.35,0.916666667,0.65,0.883333333,0.816666667,0.716666667,0.65
151,0.3333333333333333,0.85,0.85,0.5833333333333334,0.5499999999999999,0.6833333333333332,0.65,0.3166666666666666,0.7933333333333333,0.8166666666666668,0.8266666666666667,0.65,0.65,0.7833333333333333,0.45,0.85,0.85,0.6833333333333332,0.7166666666666667,0.5833333333333334,0.6833333333333332,0.8266666666666667,0.5833333333333334,0.45,0.25,0.85,0.65,0.4466666666666666
152,0.576666,0.683333,0.783333,0.75,0.683333,0.683333,0.683333,0.683333,0.76,0.75,0.693222,0.716666,0.65,0.683333,0.65,0.683333,0.683333,0.683333,0.716666,0.714999333,0.65,0.65,0.6,0.683333,0.54,0.783333,0.65,0.606666
153,0.75,0.826666667,0.62,0.626666667,0.65,0.783333333,0.55,0.35,0.676666667,0.793333333,0.65,0.55,0.693333333,0.683333333,0.826666667,0.623333333,0.62,0.716666667,0.433333333,0.65,0.65,0.35,0.783333333,0.416666667,0.716666667,0.35,0.58,0.583333333
154,0.716666667,0.85,0.85,0.536666667,0.6,0.85,0.85,0.85,0.816666667,0.816666667,0.85,0.716666667,0.683333333,0.85,0.666666667,0.543333333,0.536666667,0.85,0.596666667,0.85,0.483333333,0.383333333,0.816666667,0.75,0.583333333,0.783333333,0.35,0.626666667
155,0.6833333333333332,0.4833333333333333,0.8166666666666668,0.6166666666666666,0.6,0.6766666666666667,0.48,0.3499999999999999,0.7833333333333333,0.7616666666666667,0.6433333333333334,0.7833333333333333,0.75,0.6833333333333332,0.75,0.8166666666666668,0.85,0.75,0.75,0.5066666666666667,0.45,0.8166666666666668,0.5499999999999999,0.7166666666666667,0.45,0.7933333333333333,0.4066666666666667,0.31
156,0.65,0.85,0.65,0.446666667,0.6,0.85,0.35,0.35,0.65,0.783333333,0.716666667,0.65,0.65,0.783333333,0.783333333,0.65,0.65,0.543333333,0.62,0.593333333,0.65,0.583333333,0.783333333,0.313333333,0.65,0.783333333,0.413333333,0.383333333
157,0.3166666666666666,0.6833333333333332,0.6833333333333332,0.5499999999999999,0.4066666666666667,0.5499999999999999,0.4166666666666667,0.2833333333333333,0.65,0.65,0.7166666666666667,0.6833333333333332,0.5499999999999999,0.6833333333333332,0.4066666666666667,0.7166666666666667,0.7833333333333333,0.6833333333333332,0.7166666666666667,0.2733333333333334,0.4166666666666667,0.7933333333333333,0.34,0.3166666666666666,0.24,0.8166666666666668,0.4166666666666667,0.2166666666666666
158,0.583333333,0.783333333,0.75,0.313333333,0.683333333,0.716666667,0.75,0.35,0.903333333,0.816666667,0.783333333,0.683333333,0.783333333,0.826666667,0.383333333,0.473333333,0.683333333,0.783333333,0.583333333,0.716666667,0.716666667,0.45,0.816666667,0.683333333,0.54,0.76,0.45,0.85
159,0.683333333,0.75,0.596666667,0.383333333,0.716666667,0.716666667,0.35,0.65,0.65,0.716666667,0.65,0.65,0.65,0.76,0.683333333,0.503333333,0.65,0.516666667,0.416666667,0.65,0.65,0.383333333,0.75,0.583333333,0.726666667,0.483333333,0.5,0.383333333
160,0.783333333,0.85,0.716666667,0.416666667,0.816666667,0.85,0.35,0.35,0.716666667,0.793333333,0.826666667,0.65,0.65,0.783333333,0.816666667,0.6,0.65,0.61,0.583333333,0.683333333,0.75,0.45,0.85,0.483333333,0.85,0.493333333,0.626666667,0.416666667
161,0.45,0.65,0.8166666666666668,0.65,0.65,0.65,0.5499999999999999,0.3499999999999999,0.85,0.7166666666666667,0.85,0.65,0.65,0.65,0.6,0.75,0.75,0.65,0.6833333333333332,0.65,0.65,0.7833333333333333,0.65,0.6,0.45,0.7833333333333333,0.65,0.45
162,0.6,0.85,0.85,0.8266666666666667,0.85,0.85,0.3499999999999999,0.6833333333333332,0.7833333333333333,0.85,0.7166666666666667,0.65,0.6699999999999999,0.7166666666666667,0.7166666666666667,0.6066666666666667,0.6933333333333334,0.5166666666666667,0.7833333333333333,0.85,0.85,0.4733333333333333,0.85,0.5833333333333334,0.5166666666666667,0.85,0.77,0.3833333333333333
163,0.716666667,0.716666667,0.716666667,0.553333333,0.85,0.783333333,0.85,0.85,0.783333333,0.85,0.85,0.783333333,0.85,0.85,0.716666667,0.85,0.783333333,0.85,0.65,0.783333333,0.65,0.716666667,0.85,0.85,0.59,0.85,0.666666667,0.793333333
164,0.2333333333333333,0.75,0.75,0.3833333333333333,0.3166666666666666,0.65,0.3166666666666666,0.4233333333333333,0.7833333333333333,0.75,0.75,0.4166666666666667,0.6833333333333332,0.6833333333333332,0.45,0.75,0.75,0.65,0.7166666666666667,0.5166666666666667,0.6833333333333332,0.7600000000000001,0.3166666666666666,0.3733333333333333,0.2633333333333333,0.75,0.6333333333333333,0.3833333333333333
165,0.656666667,0.75,0.75,0.25,0.76,0.783333333,0.816666667,0.783333333,0.76,0.816666667,0.75,0.783333333,0.75,0.76,0.816666667,0.626666667,0.623333333,0.783333333,0.483333333,0.716666667,0.716666667,0.35,0.793333333,0.683333333,0.35,0.75,0.316666667,0.683333333
166,0.416666667,0.583333333,0.52,0.283333333,0.543333333,0.533333333,0.826666667,0.606666667,0.783333333,0.75,0.683333333,0.75,0.606666667,0.816666667,0.416666667,0.56,0.543333333,0.816666667,0.563333333,0.516666667,0.35,0.416666667,0.316666667,0.35,0.19,0.693333333,0.383333333,0.65
167,0.85,0.85,0.85,0.48,0.85,0.85,0.45,0.45,0.783333333,0.85,0.783333333,0.783333333,0.826666667,0.85,0.85,0.683333333,0.816666667,0.783333333,0.65,0.783333333,0.783333333,0.65,0.85,0.583333333,0.85,0.793333333,0.75,0.35
168,0.66,0.816666667,0.626666667,0.416666667,0.65,0.683333333,0.35,0.35,0.763,0.726666667,0.65,0.65,0.65,0.65,0.763,0.613333333,0.52,0.65,0.486666667,0.54,0.65,0.343333333,0.65,0.35,0.683333333,0.35,0.65,0.583333333
169,0.85,0.85,0.716666667,0.316666667,0.75,0.85,0.35,0.35,0.65,0.85,0.683333333,0.683333333,0.65,0.683333333,0.85,0.65,0.683333333,0.683333333,0.45,0.65,0.816666667,0.55,0.85,0.35,0.85,0.55,0.623333333,0.25
170,0.35,0.65,0.65,0.416666667,0.65,0.726666667,0.783333333,0.75,0.75,0.65,0.736666667,0.45,0.45,0.77,0.803333333,0.65,0.65,0.85,0.65,0.683333333,0.55,0.3,0.716666667,0.55,0.273333333,0.55,0.65,0.683333333
171,0.85,0.85,0.613333333,0.416666667,0.85,0.783333333,0.35,0.35,0.683333333,0.816666667,0.65,0.35,0.65,0.803333333,0.85,0.48,0.45,0.623333333,0.383333333,0.716666667,0.65,0.35,0.85,0.3,0.816666667,0.35,0.383333333,0.383333333
172,0.716666667,0.85,0.683333333,0.183333333,0.85,0.783333333,0.35,0.333333333,0.716666667,0.816666667,0.683333333,0.65,0.65,0.683333333,0.816666667,0.483333333,0.716666667,0.61,0.483333333,0.543333333,0.683333333,0.45,0.85,0.483333333,0.85,0.45,0.383333333,0.2
173,0.783333333,0.793333333,0.623333333,0.45,0.65,0.783333333,0.55,0.35,0.65,0.793333333,0.65,0.55,0.693333333,0.77,0.85,0.523333333,0.526666667,0.683333333,0.45,0.716666667,0.726666667,0.316666667,0.85,0.483333333,0.85,0.35,0.383333333,0.383333333
174,,,0.85,0.5800000000000001,,,0.3166666666666666,0.3499999999999999,,0.5499999999999999,0.65,,,0.7833333333333333,,0.5266666666666667,0.5,0.45,,,,0.5499999999999999,,,,,0.5833333333333334,
175,0.816666667,0.85,0.716666667,0.516666667,0.816666667,0.683333333,0.65,0.35,0.683333333,0.85,0.816666667,0.483333333,0.65,0.85,0.85,0.65,0.623333333,0.716666667,0.6,0.683333333,0.65,0.346666667,0.85,0.316666667,0.726666667,0.45,0.65,0.416666667
176,0.8166666666666668,0.7833333333333333,0.7933333333333333,0.7600000000000001,0.7600000000000001,0.77,0.7166666666666667,0.7166666666666667,0.8266666666666667,0.7833333333333333,0.75,0.7933333333333333,0.7933333333333333,0.6933333333333334,0.7833333333333333,0.8166666666666668,0.85,0.8166666666666668,0.7833333333333333,0.75,0.75,0.8166666666666668,0.85,0.8166666666666668,0.7166666666666667,0.75,0.65,0.4733333333333333
177,0.3833333333333333,0.8166666666666668,0.85,0.5033333333333333,0.4666666666666666,0.5666666666666668,0.3066666666666666,0.4666666666666666,0.85,0.7166666666666667,0.6833333333333332,0.4333333333333333,0.6433333333333334,0.65,0.3499999999999999,0.85,0.85,0.58,0.7166666666666667,0.48,0.45,0.85,0.4666666666666666,0.5166666666666667,0.21,0.85,0.4733333333333333,0.3166666666666666
178,0.895,0.893333333,0.783333333,0.216666667,0.883333333,0.783333333,0.826666667,0.816666667,0.916666667,0.75,0.906666667,0.606666667,0.916666667,0.826666667,0.783333333,0.456666667,0.666666667,0.85,0.616666667,0.816666667,0.85,0.816666667,0.75,0.6,0.506666667,0.683333333,0.45,0.76
179,0.31,0.75,0.5766666666666667,0.6833333333333332,0.7166666666666667,0.7266666666666666,0.3166666666666666,0.33,0.7733333333333333,0.7166666666666667,0.5499999999999999,0.3499999999999999,0.65,0.5666666666666667,0.5333333333333333,0.49,0.66,0.5,0.6,0.5833333333333334,0.5833333333333334,0.7266666666666667,0.4599999999999999,0.3166666666666666,0.3166666666666666,0.8166666666666668,0.6933333333333334,0.3166666666666666
180,0.683333333,0.85,0.626666667,0.383333333,0.716666667,0.75,0.35,0.333333333,0.726666667,0.816666667,0.77,0.65,0.65,0.65,0.75,0.516666667,0.683333333,0.65,0.65,0.65,0.65,0.346666667,0.716666667,0.483333333,0.683333333,0.65,0.596666667,0.38
181,0.62,0.85,0.65,0.44,0.65,0.683333333,0.45,0.35,0.683333333,0.816666667,0.683333333,0.65,0.65,0.716666667,0.65,0.596666667,0.65,0.716666667,0.533333333,0.62,0.65,0.35,0.716666667,0.55,0.693333333,0.41,0.483333333,0.416666667
182,0.85,0.893333333,0.85,0.85,0.85,0.85,0.85,0.826666667,0.95,0.936666667,0.85,0.85,0.85,0.85,0.85,0.85,0.85,0.85,0.883333333,0.85,0.895,0.85,0.936666667,0.85,0.85,0.85,0.85,0.85
183,0.61,0.683333333,0.55,0.383333333,0.65,0.683333333,0.333333333,0.316666667,0.35,0.716666667,0.333333333,0.65,0.65,0.583333333,0.85,0.416666667,0.35,0.583333333,0.35,0.483333333,0.583333333,0.333333333,0.75,0.2,0.65,0.333333333,0.516666667,0.3
184,0.75,0.816666667,0.65,0.546666667,0.783333333,0.75,0.55,0.65,0.716666667,0.783333333,0.65,0.65,0.816666667,0.76,0.826666667,0.6,0.683333333,0.683333333,0.62,0.75,0.716666667,0.35,0.85,0.313333333,0.683333333,0.716666667,0.623333333,0.516666667
185,0.85,0.85,0.716666667,0.596666667,0.85,0.85,0.65,0.55,0.75,0.85,0.75,0.716666667,0.783333333,0.793333333,0.85,0.716666667,0.65,0.716666667,0.486666667,0.75,0.75,0.35,0.85,0.45,0.783333333,0.75,0.65,0.35
186,0.75,0.85,0.683333333,0.493333333,0.683333333,0.783333333,0.35,0.35,0.65,0.85,0.65,0.65,0.683333333,0.65,0.85,0.683333333,0.61,0.716666667,0.543333333,0.683333333,0.683333333,0.35,0.65,0.383333333,0.76,0.736666667,0.65,0.45
187,0.473333333,0.693333333,0.55,0.206666667,0.716666667,0.65,0.716666667,0.783333333,0.75,0.783333333,0.683333333,0.75,0.65,0.783333333,0.283333333,0.5,0.6,0.816666667,0.55,0.693333333,0.473333333,0.716666667,0.55,0.65,0.306666667,0.576666667,0.33,0.55
188,0.5466666666666667,0.43,0.8166666666666668,0.3766666666666667,0.3233333333333333,0.4733333333333334,0.2733333333333334,0.1166666666666666,0.7766666666666667,0.8266666666666667,0.33,0.8166666666666668,0.41,0.3066666666666666,0.4133333333333333,0.8166666666666665,0.85,0.4766666666666667,0.6166666666666667,0.3499999999999999,0.37,0.85,0.5833333333333334,0.31,0.3333333333333333,0.85,0.3799999999999999,0.3733333333333333
189,0.683333333,0.85,0.75,0.556666667,0.816666667,0.85,0.783333333,0.783333333,0.85,0.85,0.75,0.45,0.783333333,0.85,0.783333333,0.75,0.826666667,0.783333333,0.816666667,0.816666667,0.85,0.4,0.6,0.673333333,0.6,0.816666667,0.65,0.666666667
190,0.683333333,0.683333333,0.683333333,0.35,0.65,0.75,0.35,0.35,0.683333333,0.75,0.65,0.65,0.65,0.65,0.816666667,0.616666667,0.683333333,0.583333333,0.416666667,0.533333333,0.65,0.35,0.59,0.283333333,0.683333333,0.35,0.416666667,0.35
191,0.85,0.85,0.62,0.433333333,0.85,0.85,0.55,0.333333333,0.65,0.85,0.816666667,0.65,0.65,0.85,0.85,0.6,0.41,0.75,0.383333333,0.75,0.65,0.33,0.85,0.383333333,0.85,0.493333333,0.35,0.583333333
192,0.283333333,0.683333333,0.626666667,0.24,0.6,0.783333333,0.75,0.683333333,0.816666667,0.816666667,0.643333333,0.643333333,0.35,0.85,0.416666667,0.35,0.576666667,0.75,0.66,0.626666667,0.573333333,0.533333333,0.416666667,0.316666667,0.306666667,0.75,0.316666667,0.45
193,0.61,0.45,0.85,0.7833333333333333,0.6833333333333332,0.8166666666666668,0.85,0.45,0.9266666666666666,0.85,0.7833333333333333,0.8933333333333334,0.8733333333333334,0.8166666666666668,0.8166666666666668,0.9266666666666666,0.8833333333333333,0.8766666666666666,0.86,0.6033333333333334,0.7833333333333333,0.9366666666666666,0.85,0.75,0.5499999999999999,0.95,0.6833333333333332,0.65
194,,,,,,,,,0.7933333333333333,,,0.65,,,,,,,0.7166666666666667,,,,,0.65,,0.7833333333333333,,0.3833333333333333
195,0.35,0.55,0.59,0.446666667,0.526666667,0.593333333,0.316666667,0.35,0.683333333,0.683333333,0.65,0.35,0.65,0.583333333,0.683333333,0.65,0.55,0.506666667,0.6,0.453333333,0.35,0.343333333,0.6,0.216666667,0.516666667,0.35,0.476666667,0.283333333
196,0.65,0.7166666666666667,0.85,0.7166666666666667,0.7833333333333333,0.7833333333333333,0.65,0.7166666666666667,0.8833333333333333,0.85,0.7833333333333333,0.85,0.7833333333333333,0.5833333333333334,0.7166666666666667,0.85,0.85,0.7166666666666667,0.85,0.7166666666666667,0.7166666666666667,0.65,0.65,0.7166666666666667,0.65,0.85,0.85,0.4833333333333334
197,0.85,0.85,0.716666667,0.486666667,0.716666667,0.85,0.35,0.35,0.683333333,0.826666667,0.643333333,0.55,0.726666667,0.85,0.85,0.65,0.683333333,0.65,0.533333333,0.716666667,0.693333333,0.35,0.85,0.316666667,0.793333333,0.636666667,0.493333333,0.383333333
198,0.85,0.85,0.85,0.85,0.85,0.85,0.3499999999999999,0.65,0.85,0.85,0.85,0.75,0.763,0.85,0.85,0.85,0.85,0.85,0.8166666666666668,0.85,0.7166666666666667,0.85,0.85,0.5266666666666667,0.85,0.85,0.85,0.5266666666666667
199,0.6166666666666667,0.6933333333333334,0.85,0.7833333333333333,0.5566666666666666,0.8166666666666668,0.7266666666666666,0.7600000000000001,0.8166666666666668,0.85,0.85,0.7833333333333333,0.7963333333333334,0.8266666666666667,0.85,0.85,0.7833333333333333,0.7833333333333333,0.7833333333333333,0.7266666666666667,0.7166666666666667,0.85,0.5266666666666667,0.7833333333333333,0.4166666666666667,0.85,0.7833333333333333,0.8266666666666667
200,0.3499999999999999,0.85,0.85,0.75,0.45,0.8166666666666668,0.45,0.45,0.85,0.85,0.85,0.7833333333333333,0.6166666666666667,0.85,0.3833333333333333,0.6933333333333334,0.7166666666666667,0.7600000000000001,0.75,0.8166666666666668,0.3499999999999999,0.65,0.6066666666666666,0.85,0.4833333333333334,0.8266666666666667,0.75,0.5333333333333333
201,0.85,0.85,0.85,0.483333333,0.85,0.85,0.85,0.826666667,0.85,0.85,0.793333333,0.85,0.85,0.826666667,0.85,0.816666667,0.793333333,0.793333333,0.816666667,0.803333333,0.716666667,0.85,0.85,0.626666667,0.77,0.85,0.826666667,0.793333333
202,0.75,0.8266666666666667,0.85,0.4766666666666667,0.8166666666666668,0.7833333333333333,0.7600000000000001,0.3499999999999999,0.7600000000000001,0.85,0.85,0.85,0.8266666666666667,0.7933333333333333,0.85,0.85,0.85,0.85,0.75,0.5833333333333334,0.7166666666666667,0.85,0.4666666666666666,0.8033333333333333,0.6833333333333332,0.85,0.6666666666666666,0.5499999999999999
203,0.3499999999999999,0.2833333333333333,0.8166666666666668,0.2833333333333333,0.6566666666666666,0.6833333333333332,0.6833333333333332,0.2833333333333333,0.85,0.7833333333333333,0.65,0.7166666666666667,0.75,0.3166666666666666,0.2166666666666666,0.7833333333333333,0.7933333333333333,0.75,0.75,0.3833333333333333,0.45,0.75,0.65,0.3166666666666666,0.2733333333333334,0.75,0.5499999999999999,0.45
204,0.85,0.85,0.65,0.516666667,0.85,0.783333333,0.35,0.65,0.65,0.85,0.716666667,0.65,0.783333333,0.85,0.85,0.583333333,0.716666667,0.716666667,0.616666667,0.65,0.783333333,0.716666667,0.716666667,0.65,0.85,0.736666667,0.626666667,0.383333333
205,0.65,0.85,0.85,0.45,0.85,0.65,0.55,0.62,0.683333333,0.85,0.783333333,0.55,0.85,0.716666667,0.85,0.65,0.65,0.65,0.65,0.783333333,0.65,0.65,0.85,0.35,0.65,0.716666667,0.65,0.313333333
206,0.85,0.85,0.816666667,0.65,0.85,0.85,0.85,0.85,0.826666667,0.85,0.85,0.826666667,0.85,0.85,0.85,0.726666667,0.65,0.85,0.55,0.85,0.75,0.683333333,0.85,0.826666667,0.693333333,0.826666667,0.446666667,0.816666667
207,0.716666667,0.816666667,0.65,0.35,0.816666667,0.716666667,0.35,0.65,0.65,0.716666667,0.71,0.65,0.683333333,0.683333333,0.726666667,0.516666667,0.65,0.626666667,0.52,0.683333333,0.693333333,0.346666667,0.85,0.383333333,0.783333333,0.793333333,0.563333333,0.383333333
208,0.45,0.483333333,0.85,0.783333333,0.633333333,0.85,0.75,0.716666667,0.85,0.85,0.683333333,0.65,0.783333333,0.75,0.65,0.85,0.783333333,0.816666667,0.85,0.783333333,0.483333333,0.716666667,0.316666667,0.783333333,0.35,0.85,0.75,0.716666667
209,0.483333333,0.816666667,0.816666667,0.683333333,0.35,0.85,0.45,0.35,0.76,0.85,0.75,0.206666667,0.35,0.793333333,0.816666667,0.683333333,0.683333333,0.65,0.583333333,0.65,0.716666667,0.35,0.85,0.233333333,0.65,0.55,0.783333333,0.35
210,0.85,0.816666667,0.716666667,0.52,0.85,0.816666667,0.45,0.316666667,0.683333333,0.85,0.85,0.483333333,0.75,0.826666667,0.85,0.683333333,0.65,0.6,0.553333333,0.75,0.716666667,0.316666667,0.85,0.35,0.783333333,0.426666667,0.613333333,0.166666667
211,0.576666667,0.85,0.65,0.416666667,0.683333333,0.816666667,0.35,0.35,0.683333333,0.716666667,0.65,0.616666667,0.683333333,0.726666667,0.783333333,0.466666667,0.65,0.683333333,0.516666667,0.6,0.683333333,0.346666667,0.65,0.45,0.65,0.45,0.4,0.316666667
212,0.716666667,0.863333333,0.716666667,0.65,0.716666667,0.85,0.783333333,0.65,0.783333333,0.85,0.706666667,0.6,0.65,0.716666667,0.716666667,0.65,0.65,0.716666667,0.65,0.783333333,0.65,0.55,0.65,0.55,0.45,0.6,0.45,0.6
213,0.75,0.876666667,0.65,0.486666667,0.716666667,0.85,0.45,0.35,0.683333333,0.816666667,0.716666667,0.65,0.716666667,0.683333333,0.85,0.55,0.65,0.683333333,0.583333333,0.683333333,0.716666667,0.333333333,0.883333333,0.383333333,0.75,0.716666667,0.45,0.45
214,0.5833333333333334,0.85,0.85,0.7366666666666667,0.6,0.85,0.4933333333333333,0.4166666666666667,0.8833333333333333,0.85,0.8033333333333333,0.85,0.8063333333333333,0.7599999999999999,0.5499999999999999,0.85,0.85,0.85,0.7833333333333333,0.7599999999999999,0.6833333333333332,0.85,0.6,0.49,0.4166666666666667,0.85,0.5666666666666668,0.7166666666666667
215,0.85,0.85,0.626666667,0.45,0.85,0.85,0.45,0.35,0.683333333,0.85,0.676666667,0.55,0.716666667,0.85,0.85,0.65,0.596666667,0.716666667,0.316666667,0.85,0.75,0.33,0.85,0.45,0.85,0.35,0.35,0.383333333
216,0.683333333,0.85,0.486666667,0.383333333,0.683333333,0.783333333,0.333333333,0.35,0.65,0.726666667,0.65,0.65,0.65,0.693333333,0.683333333,0.576666667,0.45,0.65,0.533333333,0.716666667,0.683333333,0.346666667,0.783333333,0.483333333,0.65,0.35,0.35,0.35
217,0.3499999999999999,0.5833333333333334,0.8033333333333333,0.5499999999999999,0.8033333333333333,0.5499999999999999,0.34,0.3333333333333333,0.8166666666666668,0.85,0.8266666666666667,0.45,0.6833333333333332,0.66,0.5333333333333333,0.85,0.85,0.4433333333333333,0.8166666666666668,0.2833333333333333,0.3499999999999999,0.85,0.3066666666666667,0.3166666666666666,0.3499999999999999,0.8166666666666668,0.3499999999999999,0.3499999999999999
218,0.433333333,0.6,0.816666667,0.6,0.716666667,0.683333333,0.6,0.65,0.816666667,0.816666667,0.85,0.6,0.626666667,0.783333333,0.6,0.683333333,0.683333333,0.683333333,0.62,0.653333333,0.5,0.783333333,0.55,0.5,0.55,0.783333333,0.683333333,0.45
219,0.65,0.85,0.683333333,0.45,0.716666667,0.783333333,0.65,0.35,0.683333333,0.65,0.683333333,0.65,0.683333333,0.75,0.783333333,0.593333333,0.623333333,0.716666667,0.65,0.683333333,0.683333333,0.33,0.783333333,0.166666667,0.726666667,0.77,0.593333333,0.266666667
220,0.5499999999999999,0.7833333333333333,0.85,0.3833333333333333,0.8833333333333333,0.7833333333333333,0.7933333333333333,0.4833333333333333,0.95,0.8166666666666668,0.8833333333333333,0.7833333333333333,0.75,0.85,0.7166666666666667,0.9366666666666666,0.85,0.75,0.85,0.5733333333333334,0.45,0.85,0.8833333333333333,0.7166666666666667,0.45,0.9266666666666666,0.8266666666666667,0.59
221,0.85,0.85,0.85,0.55,0.85,0.85,0.85,0.6,0.893333333,0.783333333,0.85,0.85,0.85,0.85,0.85,0.85,0.85,0.85,0.65,0.85,0.6,0.85,0.85,0.816666667,0.35,0.85,0.526666667,0.65
222,0.8166666666666668,0.8266666666666667,0.8166666666666668,0.7833333333333333,0.85,0.8266666666666667,0.5499999999999999,0.6433333333333333,0.7833333333333333,0.8166666666666668,0.8066666666666666,0.7166666666666667,0.7833333333333333,0.7833333333333333,0.7166666666666667,0.6833333333333332,0.8166666666666668,0.7266666666666667,0.7833333333333333,0.7833333333333333,0.7166666666666667,0.3499999999999999,0.7833333333333333,0.6833333333333332,0.6833333333333332,0.7933333333333333,0.8166666666666668,0.6
223,0.65,0.7166666666666667,0.85,0.7166666666666667,0.7833333333333333,0.85,0.65,0.65,0.7166666666666667,0.65,0.7166666666666667,0.7166666666666667,0.65,0.7833333333333333,0.3833333333333333,0.65,0.65,0.65,0.65,0.7833333333333333,0.65,0.5166666666666667,0.7833333333333333,0.3499999999999999,0.65,0.85,0.7833333333333333,0.5833333333333334
224,0.816666667,0.65,0.65,0.65,0.85,0.783333333,0.65,0.55,0.65,0.85,0.85,0.45,0.783333333,0.716666667,0.85,0.613333333,0.6,0.65,0.613333333,0.65,0.65,0.283333333,0.85,0.283333333,0.783333333,0.62,0.683333333,0.383333333
225,0.4566666666666667,0.7266666666666666,0.8166666666666668,0.49,0.5833333333333334,0.7166666666666667,0.3499999999999999,0.4833333333333333,0.75,0.8266666666666667,0.85,0.7166666666666667,0.7799999999999999,0.7933333333333333,0.3833333333333333,0.6933333333333334,0.85,0.6933333333333334,0.6066666666666666,0.6,0.7166666666666667,0.8166666666666668,0.59,0.5166666666666667,0.3466666666666667,0.7600000000000001,0.52,0.3166666666666666
226,0.7833333333333333,0.85,0.85,0.8166666666666668,0.795,0.85,0.85,0.7933333333333333,0.8933333333333332,0.85,0.85,0.85,0.8266666666666667,0.8166666666666668,0.8266666666666667,0.85,0.85,0.85,0.7833333333333333,0.7833333333333333,0.8166666666666668,0.85,0.85,0.85,0.6733333333333333,0.85,0.75,0.57
227,0.65,0.7166666666666667,0.7833333333333333,0.65,0.7833333333333333,0.7166666666666667,0.65,0.65,0.6833333333333332,0.7833333333333333,0.65,0.65,0.7166666666666667,0.65,0.65,0.8166666666666668,0.8166666666666665,0.65,0.75,0.7166666666666667,0.65,0.7166666666666667,0.7166666666666667,0.65,0.65,0.8833333333333333,0.65,0.5833333333333334
228,0.77,0.816666667,0.76,0.516666667,0.793333333,0.75,0.75,0.75,0.75,0.783333333,0.793333333,0.77,0.816666667,0.85,0.736666667,0.616666667,0.726666667,0.826666667,0.75,0.793333333,0.616666667,0.616666667,0.726666667,0.77,0.6,0.716666667,0.416666667,0.77
229,0.783333333,0.783333333,0.75,0.536666667,0.75,0.75,0.45,0.75,0.75,0.816666667,0.783333333,0.6,0.76,0.76,0.85,0.586666667,0.683333333,0.75,0.716666667,0.783333333,0.783333333,0.383333333,0.85,0.383333333,0.816666667,0.65,0.536666667,0.35
230,0.65,0.683333333,0.46,0.35,0.623333333,0.683333333,0.333333333,0.333333333,0.583333333,0.716666667,0.55,0.35,0.416666667,0.65,0.85,0.62,0.35,0.583333333,0.35,0.45,0.35,0.33,0.716666667,0.296666667,0.65,0.35,0.35,0.313333333
231,0.683333333,0.783333333,0.613333333,0.383333333,0.716666667,0.65,0.35,0.55,0.683333333,0.75,0.716666667,0.65,0.65,0.683333333,0.716666667,0.5,0.62,0.683333333,0.6,0.683333333,0.716666667,0.483333333,0.783333333,0.483333333,0.716666667,0.683333333,0.65,0.383333333
232,0.85,0.85,0.65,0.416666667,0.85,0.85,0.33,0.35,0.76,0.826666667,0.65,0.65,0.803333333,0.65,0.85,0.45,0.55,0.62,0.383333333,0.623333333,0.683333333,0.35,0.85,0.35,0.826666667,0.45,0.35,0.383333333
233,0.4833333333333333,0.85,0.85,0.7166666666666667,0.85,0.7833333333333333,0.6933333333333334,0.7833333333333333,0.8833333333333333,0.85,0.85,0.6833333333333332,0.85,0.85,0.6166666666666667,0.85,0.8166666666666668,0.7333333333333334,0.7833333333333333,0.85,0.7166666666666667,0.7833333333333333,0.6433333333333334,0.6266666666666666,0.65,0.85,0.75,0.75
234,0.816666667,0.85,0.683333333,0.533333333,0.683333333,0.85,0.35,0.35,0.716666667,0.716666667,0.693333333,0.65,0.693333333,0.793333333,0.85,0.65,0.65,0.56,0.516666667,0.716666667,0.683333333,0.383333333,0.85,0.35,0.716666667,0.35,0.493333333,0.416666667
235,0.55,0.826666667,0.77,0.523333333,0.793333333,0.78,0.826666667,0.803333333,0.75,0.803333333,0.793333333,0.726666667,0.483333333,0.77,0.803333333,0.736666667,0.75,0.85,0.65,0.77,0.716666667,0.636666667,0.85,0.76,0.35,0.826666667,0.506666667,0.793333333
236,0.65,0.85,0.606666667,0.473333333,0.783333333,0.816666667,0.45,0.55,0.676666667,0.75,0.85,0.65,0.716666667,0.85,0.75,0.57,0.65,0.65,0.516666667,0.683333333,0.75,0.35,0.716666667,0.38,0.793333333,0.65,0.65,0.3
237,0.61,0.75,0.75,0.493333333,0.683333333,0.816666667,0.35,0.333333333,0.65,0.85,0.803333333,0.55,0.683333333,0.76,0.65,0.65,0.623333333,0.51,0.65,0.65,0.683333333,0.333333333,0.65,0.283333333,0.803333333,0.483333333,0.65,0.516666667
238,0.816666667,0.85,0.783333333,0.716666667,0.85,0.75,0.816666667,0.816666667,0.75,0.85,0.85,0.716666667,0.85,0.783333333,0.783333333,0.75,0.75,0.783333333,0.75,0.783333333,0.75,0.816666667,0.85,0.75,0.783333333,0.85,0.783333333,0.716666667
239,0.85,0.85,0.816666667,0.75,0.85,0.816666667,0.816666667,0.75,0.826666667,0.793333333,0.816666667,0.693333333,0.816666667,0.85,0.793333333,0.783333333,0.85,0.816666667,0.783333333,0.816666667,0.816666667,0.783333333,0.85,0.816666667,0.76,0.783333333,0.793333333,0.793333333
240,0.35,0.75,0.76,0.383333333,0.75,0.683333333,0.816666667,0.716666667,0.826666667,0.75,0.783333333,0.683333333,0.65,0.783333333,0.716666667,0.693333333,0.783333333,0.75,0.75,0.75,0.77,0.616666667,0.75,0.716666667,0.35,0.816666667,0.643333333,0.683333333
241,0.716666667,0.683333333,0.49,0.51,0.683333333,0.75,0.55,0.35,0.65,0.643333333,0.643333333,0.65,0.65,0.65,0.716666667,0.65,0.61,0.683333333,0.583333333,0.516666667,0.683333333,0.35,0.65,0.383333333,0.683333333,0.35,0.416666667,0.416666667
242,0.566666667,0.85,0.85,0.583333333,0.816666667,0.783333333,0.85,0.85,0.883333333,0.85,0.783333333,0.85,0.783333333,0.826666667,0.85,0.85,0.85,0.85,0.816666667,0.576666667,0.673333333,0.816666667,0.816666667,0.816666667,0.65,0.85,0.443333333,0.65
243,0.3499999999999999,0.7166666666666667,0.85,0.6833333333333332,0.45,0.7600000000000001,0.5499999999999999,0.3499999999999999,0.8166666666666668,0.85,0.85,0.65,0.8166666666666668,0.85,0.45,0.77,0.8166666666666668,0.7166666666666667,0.7833333333333333,0.8033333333333333,0.6,0.85,0.65,0.6,0.6,0.85,0.6833333333333332,0.5499999999999999
244,0.75,0.876666667,0.65,0.35,0.816666667,0.716666667,0.35,0.65,0.683333333,0.716666667,0.716666667,0.333333333,0.65,0.716666667,0.716666667,0.48,0.683333333,0.716666667,0.586666667,0.716666667,0.716666667,0.546666667,0.65,0.25,0.716666667,0.75,0.573333333,0.333333333
245,0.8166666666666668,0.85,0.85,0.85,0.85,0.85,0.25,0.6,0.85,0.8933333333333334,0.85,0.7933333333333333,0.85,0.85,0.85,0.7833333333333333,0.85,0.7166666666666667,0.7833333333333333,0.85,0.8166666666666668,0.8833333333333333,0.85,0.75,0.8166666666666668,0.8733333333333334,0.85,0.75
246,0.583333333,0.783333333,0.583333333,0.453333333,0.35,0.65,0.35,0.333333333,0.483333333,0.716666667,0.65,0.316666667,0.65,0.65,0.85,0.516666667,0.35,0.716666667,0.383333333,0.65,0.38,0.333333333,0.85,0.25,0.65,0.35,0.35,0.416666667
247,0.716666667,0.85,0.683333333,0.546666667,0.65,0.816666667,0.35,0.35,0.726666667,0.693333333,0.75,0.483333333,0.736666667,0.65,0.826666667,0.65,0.603333333,0.65,0.58,0.65,0.65,0.346666667,0.716666667,0.35,0.793333333,0.493333333,0.6,0.416666667
248,0.85,0.75,0.516666667,0.183333333,0.716666667,0.716666667,0.333333333,0.316666667,0.383333333,0.683333333,0.683333333,0.533333333,0.65,0.85,0.85,0.483333333,0.35,0.383333333,0.183333333,0.616666667,0.546666667,0.333333333,0.85,0.166666667,0.716666667,0.333333333,0.35,0.35
249,0.826666667,0.85,0.85,0.803333333,0.85,0.85,0.85,0.85,0.873333333,0.85,0.85,0.85,0.85,0.85,0.85,0.85,0.85,0.85,0.816666667,0.85,0.816666667,0.793333333,0.85,0.85,0.85,0.85,0.826666667,0.826666667
250,0.85,0.85,0.85,0.45,0.85,0.826666667,0.5,0.683333333,0.783333333,0.793333333,0.726666667,0.56,0.85,0.85,0.85,0.583333333,0.85,0.75,0.783333333,0.85,0.783333333,0.666666667,0.85,0.693333333,0.793333333,0.85,0.66,0.45
251,0.716666667,0.783333333,0.65,0.593333333,0.716666667,0.716666667,0.35,0.35,0.65,0.716666667,0.676666667,0.55,0.65,0.683333333,0.683333333,0.65,0.683333333,0.65,0.563333333,0.65,0.683333333,0.643333333,0.65,0.45,0.683333333,0.726666667,0.626666667,0.55
252,0.783333333,0.85,0.65,0.416666667,0.85,0.783333333,0.55,0.45,0.65,0.783333333,0.85,0.65,0.65,0.783333333,0.716666667,0.626666667,0.626666667,0.65,0.6,0.783333333,0.65,0.483333333,0.85,0.55,0.65,0.693333333,0.416666667,0.416666667
253,0.583333333,0.85,0.626666667,0.416666667,0.35,0.65,0.35,0.35,0.65,0.65,0.65,0.383333333,0.55,0.65,0.783333333,0.55,0.48,0.65,0.65,0.613333333,0.483333333,0.35,0.616666667,0.316666667,0.65,0.35,0.613333333,0.383333333
254,0.683333333,0.85,0.65,0.45,0.65,0.85,0.35,0.35,0.683333333,0.726666667,0.683333333,0.65,0.716666667,0.736666667,0.85,0.613333333,0.65,0.61,0.483333333,0.65,0.716666667,0.346666667,0.85,0.316666667,0.816666667,0.35,0.35,0.346666667
255,0.76,0.803333333,0.826666667,0.46,0.803333333,0.77,0.726666667,0.65,0.76,0.826666667,0.85,0.77,0.77,0.826666667,0.716666667,0.526666667,0.76,0.816666667,0.683333333,0.783333333,0.716666667,0.77,0.683333333,0.76,0.683333333,0.783333333,0.41,0.726666667
256,0.65,0.783333333,0.65,0.583333333,0.783333333,0.65,0.65,0.65,0.65,0.716666667,0.726666667,0.65,0.683333333,0.716666667,0.65,0.65,0.65,0.65,0.65,0.783333333,0.783333333,0.65,0.65,0.316666667,0.65,0.716666667,0.55,0.183333333
257,0.65,0.7799999999999999,0.7799999999999999,0.65,0.65,0.6833333333333332,0.65,0.65,0.7600000000000001,0.7933333333333333,0.7600000000000001,0.7366666666666667,0.65,0.65,0.6833333333333332,0.8266666666666667,0.8266666666666667,0.6833333333333332,0.7166666666666667,0.65,0.65,0.8266666666666667,0.7833333333333333,0.65,0.5333333333333333,0.8266666666666667,0.65,0.65
258,0.5833333333333334,0.8166666666666668,0.85,0.6833333333333332,0.7166666666666667,0.75,0.45,0.5499999999999999,0.6433333333333334,0.8033333333333333,0.6933333333333334,0.6833333333333332,0.6833333333333332,0.6833333333333332,0.5166666666666667,0.62,0.7833333333333333,0.6,0.7166666666666667,0.6833333333333332,0.7166666666666667,0.65,0.6133333333333333,0.6833333333333332,0.65,0.8166666666666668,0.75,0.65
259,0.783333333,0.85,0.716666667,0.49,0.816666667,0.75,0.583333333,0.716666667,0.793333333,0.783333333,0.783333333,0.683333333,0.75,0.796333333,0.783333333,0.606666667,0.716666667,0.75,0.716666667,0.783333333,0.75,0.55,0.85,0.383333333,0.75,0.75,0.616666667,0.28
260,0.716666667,0.683333333,0.716666667,0.483333333,0.726666667,0.783333333,0.683333333,0.416666667,0.716666667,0.726666667,0.826666667,0.55,0.683333333,0.693333333,0.874666667,0.41,0.44,0.95,0.55,0.65,0.55,0.55,0.55,0.55,0.35,0.573333333,0.416666667,0.65
261,0.85,0.883333333,0.75,0.65,0.85,0.883333333,0.683333333,0.716666667,0.816666667,0.85,0.85,0.65,0.85,0.906666667,0.88,0.683333333,0.85,0.783333333,0.646666667,0.85,0.816666667,0.65,0.95,0.383333333,0.85,0.75,0.716666667,0.65
262,0.88,0.883333333,0.783333333,0.65,0.873333333,0.783333333,0.716666667,0.686666667,0.873333333,0.85,0.843333333,0.783333333,0.85,0.88,0.85,0.783333333,0.85,0.65,0.65,0.85,0.716666667,0.893333333,0.65,0.643333333,0.65,0.85,0.716666667,0.65
263,0.85,0.85,0.65,0.466666667,0.816666667,0.75,0.65,0.533333333,0.716666667,0.826666667,0.816666667,0.683333333,0.85,0.85,0.85,0.65,0.65,0.683333333,0.516666667,0.75,0.65,0.65,0.85,0.376666667,0.783333333,0.76,0.65,0.583333333
264,0.45,0.683333,0.75,0.716666667,0.45,0.75,0.35,0.35,0.76,0.75,0.75,0.716666,0.716666,0.75,0.5,0.716666,0.683333,0.75,0.75,0.75,0.55,0.75,0.57,0.433333,0.383333,0.75,0.75,0.483333
265,0.716666667,0.816666667,0.716666667,0.66,0.85,0.71,0.65,0.333333333,0.783333333,0.783333333,0.85,0.556666667,0.75,0.816666667,0.695,0.6,0.6,0.66,0.75,0.783333333,0.65,0.75,0.433333333,0.45,0.726666667,0.85,0.643333333,0.44
266,0.816666667,0.85,0.563333333,0.433333333,0.65,0.683333333,0.333333333,0.35,0.65,0.816666667,0.726666667,0.416666667,0.65,0.65,0.716666667,0.523333333,0.55,0.556666667,0.516666667,0.55,0.683333333,0.316666667,0.783333333,0.55,0.76,0.45,0.49,0.45
267,0.793333333,0.85,0.826666667,0.413333333,0.85,0.816666667,0.85,0.85,0.896666667,0.85,0.85,0.85,0.85,0.85,0.85,0.75,0.85,0.85,0.75,0.85,0.683333333,0.75,0.85,0.783333333,0.65,0.85,0.493333333,0.763
268,0.65,0.85,0.65,0.506666667,0.683333333,0.75,0.35,0.35,0.716666667,0.716666667,0.65,0.65,0.683333333,0.716666667,0.683333333,0.466666667,0.65,0.65,0.62,0.716666667,0.683333333,0.683333333,0.65,0.546666667,0.683333333,0.716666667,0.6,0.333333333
269,0.85,0.85,0.85,0.6,0.85,0.85,0.85,0.85,0.95,0.85,0.85,0.816666667,0.85,0.906666667,0.85,0.85,0.816666667,0.85,0.566666667,0.85,0.873333333,0.44,0.85,0.716666667,0.783333333,0.85,0.85,0.77
270,0.783333333,0.85,0.683333333,0.46,0.85,0.85,0.35,0.35,0.683333333,0.85,0.816666667,0.65,0.85,0.76,0.85,0.583333333,0.683333333,0.683333333,0.62,0.816666667,0.75,0.446666667,0.85,0.283333333,0.77,0.783333333,0.65,0.256666667
271,0.8166666666666668,0.85,0.85,0.8166666666666668,0.85,0.85,0.7833333333333333,0.8166666666666668,0.8266666666666667,0.8166666666666668,0.7166666666666667,0.75,0.85,0.85,0.7166666666666667,0.5833333333333334,0.7833333333333333,0.85,0.75,0.85,0.85,0.8166666666666668,0.7533333333333334,0.6833333333333332,0.7600000000000001,0.8266666666666667,0.75,0.6833333333333332
272,0.283333333,0.693333333,0.683333333,0.416666667,0.583333333,0.583333333,0.623333333,0.55,0.716666667,0.65,0.6,0.583333333,0.726666667,0.706666667,0.45,0.633333333,0.683333333,0.716666667,0.76,0.483333333,0.683333333,0.716666667,0.35,0.533333333,0.406666667,0.683333333,0.55,0.573333333
273,0.85,0.85,0.65,0.283333333,0.783333333,0.85,0.35,0.35,0.65,0.783333333,0.65,0.65,0.716666667,0.716666667,0.85,0.56,0.65,0.616666667,0.416666667,0.626666667,0.65,0.35,0.85,0.266666667,0.65,0.45,0.35,0.306666667
274,0.7266666666666666,0.7933333333333333,0.7833333333333333,0.7166666666666667,0.7600000000000001,0.7600000000000001,0.6833333333333332,0.75,0.8166666666666668,0.7933333333333333,0.77,0.7833333333333333,0.7933333333333333,0.75,0.7600000000000001,0.7933333333333333,0.8266666666666667,0.7833333333333333,0.7833333333333333,0.8166666666666668,0.7166666666666667,0.7933333333333333,0.7166666666666667,0.7933333333333333,0.3666666666666667,0.85,0.7833333333333333,0.75
275,0.85,0.85,0.65,0.44,0.85,0.85,0.45,0.35,0.65,0.85,0.85,0.65,0.826666667,0.85,0.85,0.626666667,0.45,0.683333333,0.383333333,0.75,0.683333333,0.35,0.85,0.33,0.816666667,0.35,0.35,0.383333333
276,0.816666667,0.85,0.613333333,0.486666667,0.783333333,0.816666667,0.45,0.35,0.716666667,0.793333333,0.703333333,0.65,0.726666667,0.816666667,0.85,0.583333333,0.58,0.683333333,0.416666667,0.75,0.716666667,0.333333333,0.85,0.35,0.816666667,0.443333333,0.536666667,0.55
277,0.65,0.826666667,0.65,0.183333333,0.85,0.716666667,0.35,0.316666667,0.65,0.906666667,0.716666667,0.55,0.65,0.716666667,0.813333333,0.553333333,0.5,0.583333333,0.546666667,0.626666667,0.65,0.24,0.916666667,0.313333333,0.583333333,0.35,0.466666667,0.273333333
278,0.85,0.85,0.85,0.85,0.85,0.85,0.85,0.816666667,0.923333333,0.85,0.85,0.85,0.85,0.85,0.85,0.85,0.85,0.85,0.783333333,0.85,0.893333333,0.85,0.85,0.85,0.85,0.85,0.85,0.85
279,0.7833333333333333,0.85,0.8833333333333333,0.6933333333333334,0.8166666666666668,0.7833333333333333,0.6833333333333332,0.3499999999999999,0.9366666666666666,0.85,0.85,0.85,0.85,0.65,0.7833333333333333,0.85,0.8833333333333333,0.8733333333333334,0.8933333333333332,0.4666666666666666,0.7833333333333333,0.9366666666666666,0.85,0.85,0.45,0.85,0.64,0.5499999999999999
280,0.75,0.816666667,0.75,0.383333333,0.816666667,0.816666667,0.716666667,0.783333333,0.77,0.826666667,0.75,0.716666667,0.75,0.783333333,0.76,0.49,0.716666667,0.716666667,0.76,0.783333333,0.76,0.683333333,0.816666667,0.316666667,0.726666667,0.76,0.716666667,0.316666667
281,0.35,0.35,0.85,0.603333333,0.783333333,0.676666667,0.85,0.76,0.826666667,0.85,0.85,0.85,0.85,0.85,0.65,0.816666667,0.85,0.85,0.85,0.783333333,0.683333333,0.85,0.576666667,0.85,0.45,0.85,0.76,0.816666667
282,0.683333333,0.65,0.62,0.546666667,0.683333333,0.85,0.65,0.35,0.683333333,0.75,0.75,0.45,0.716666667,0.816666667,0.803333333,0.58,0.65,0.85,0.65,0.62,0.683333333,0.35,0.85,0.383333333,0.683333333,0.65,0.65,0.333333333
283,0.85,0.85,0.683333333,0.416666667,0.75,0.85,0.35,0.35,0.75,0.793333333,0.65,0.65,0.683333333,0.736666667,0.816666667,0.65,0.35,0.683333333,0.483333333,0.65,0.716666667,0.35,0.783333333,0.416666667,0.85,0.35,0.62,0.383333333
284,0.65,0.85,0.716666667,0.316666667,0.683333333,0.85,0.35,0.316666667,0.693333333,0.85,0.35,0.693333333,0.65,0.65,0.826666667,0.486666667,0.65,0.543333333,0.45,0.493333333,0.65,0.35,0.716666667,0.25,0.85,0.583333333,0.45,0.283333333
285,0.816666667,0.85,0.65,0.316666667,0.85,0.85,0.35,0.333333333,0.716666667,0.76,0.826666667,0.65,0.726666667,0.793333333,0.85,0.48,0.61,0.65,0.433333333,0.65,0.716666667,0.45,0.85,0.35,0.826666667,0.583333333,0.55,0.35
286,0.783333333,0.85,0.683333333,0.466666667,0.783333333,0.85,0.683333333,0.726666667,0.716666667,0.85,0.716666667,0.65,0.793333333,0.85,0.85,0.65,0.65,0.85,0.546666667,0.85,0.75,0.35,0.85,0.65,0.85,0.77,0.62,0.383333333
287,0.683333333,0.683333333,0.466666667,0.35,0.683333333,0.783333333,0.316666667,0.35,0.55,0.683333333,0.683333333,0.35,0.45,0.693333333,0.816666667,0.416666667,0.35,0.35,0.383333333,0.65,0.35,0.15,0.65,0.146666667,0.693333333,0.35,0.416666667,0.183333333
288,0.643333333,0.816666667,0.65,0.416666667,0.683333333,0.716666667,0.316666667,0.45,0.683333333,0.793333333,0.716666667,0.483333333,0.65,0.736666667,0.65,0.383333333,0.65,0.65,0.613333333,0.65,0.716666667,0.343333333,0.783333333,0.35,0.65,0.35,0.556666667,0.483333333
289,0.683333333,0.816666667,0.75,0.583333333,0.85,0.6,0.606666667,0.683333333,0.816666667,0.816666667,0.783333333,0.573333333,0.783333333,0.816666667,0.563333333,0.626666667,0.606666667,0.646666667,0.783333333,0.783333333,0.683333333,0.716666667,0.783333333,0.65,0.646666667,0.716666667,0.68,0.516666667
290,0.65,0.75,0.65,0.416666667,0.65,0.683333333,0.45,0.333333333,0.716666667,0.683333333,0.65,0.45,0.683333333,0.683333333,0.65,0.483333333,0.65,0.69,0.616666667,0.623333333,0.716666667,0.583333333,0.65,0.583333333,0.683333333,0.75,0.65,0.516666667
291,0.816666667,0.85,0.783333333,0.45,0.783333333,0.783333333,0.65,0.55,0.683333333,0.85,0.726666667,0.65,0.816666667,0.826666667,0.85,0.683333333,0.683333333,0.783333333,0.65,0.683333333,0.716666667,0.45,0.85,0.383333333,0.85,0.726666667,0.623333333,0.45
292,0.683333333,0.85,0.683333333,0.616666667,0.65,0.816666667,0.65,0.65,0.693333333,0.816666667,0.65,0.65,0.683333333,0.826666667,0.793333333,0.65,0.683333333,0.716666667,0.65,0.683333333,0.65,0.346666667,0.85,0.583333333,0.783333333,0.77,0.65,0.583333333
293,0.5499999999999999,0.75,0.7833333333333333,0.6833333333333332,0.7266666666666667,0.75,0.3999999999999999,0.7166666666666667,0.7933333333333333,0.7833333333333333,0.75,0.7166666666666667,0.75,0.7600000000000001,0.4333333333333333,0.65,0.7166666666666667,0.7166666666666667,0.7833333333333333,0.75,0.7833333333333333,0.7833333333333333,0.3499999999999999,0.6833333333333332,0.3999999999999999,0.7833333333333333,0.77,0.3499999999999999
294,0.75,0.6833333333333332,0.85,0.6833333333333332,0.6833333333333332,0.6833333333333332,0.7599999999999999,0.3066666666666667,0.85,0.8266666666666667,0.75,0.85,0.85,0.85,0.8166666666666668,0.85,0.85,0.85,0.65,0.5499999999999999,0.7266666666666666,0.85,0.85,0.85,0.44,0.85,0.66,0.75
295,0.4066666666666667,0.6833333333333332,0.8166666666666668,0.5,0.3499999999999999,0.5499999999999999,0.45,0.3499999999999999,0.8166666666666668,0.8166666666666668,0.65,0.7166666666666667,0.65,0.8166666666666668,0.5166666666666667,0.7833333333333333,0.85,0.65,0.7166666666666667,0.54,0.44,0.8166666666666668,0.65,0.65,0.3466666666666667,0.7933333333333333,0.45,0.45
296,0.793333333,0.883333333,0.683333333,0.516666667,0.876666667,0.816666667,0.683333333,0.683333333,0.783333333,0.85,0.943333333,0.683333333,0.816666667,0.783333333,0.846666667,0.65,0.65,0.683333333,0.65,0.783333333,0.793333333,0.683333333,0.916666667,0.65,0.683333333,0.783333333,0.65,0.65
297,0.45,0.683333333,0.693333333,0.316666667,0.55,0.683333333,0.75,0.683333333,0.783333333,0.71,0.826666667,0.716666667,0.65,0.783333333,0.683333333,0.65,0.65,0.793333333,0.55,0.65,0.45,0.583333333,0.55,0.65,0.35,0.793333333,0.35,0.65
298,0.65,0.816666667,0.613333333,0.48,0.783333333,0.716666667,0.65,0.65,0.65,0.65,0.65,0.65,0.65,0.75,0.65,0.606666667,0.65,0.65,0.62,0.65,0.65,0.583333333,0.85,0.516666667,0.65,0.75,0.53,0.35
299,0.716666667,0.816666667,0.683333333,0.416666667,0.75,0.783333333,0.673333333,0.673333333,0.76,0.816666667,0.793333333,0.683333333,0.75,0.76,0.75,0.65,0.716666667,0.683333333,0.716666667,0.783333333,0.726666667,0.65,0.816666667,0.6,0.726666667,0.75,0.683333333,0.516666667
300,0.716666667,0.85,0.65,0.516666667,0.716666667,0.85,0.65,0.35,0.65,0.85,0.643333333,0.65,0.65,0.65,0.85,0.65,0.716666667,0.85,0.616666667,0.65,0.516666667,0.333333333,0.716666667,0.38,0.85,0.76,0.433333333,0.416666667
301,,,,,,,,,,,,0.7833333333333333,,,,,,,0.7166666666666667,,,,,0.3666666666666667,,,,0.5833333333333334
302,0.85,0.85,0.716666667,0.616666667,0.85,0.85,0.55,0.35,0.65,0.85,0.71,0.65,0.85,0.85,0.85,0.65,0.65,0.716666667,0.533333333,0.85,0.716666667,0.35,0.85,0.65,0.85,0.566666667,0.61,0.65
303,0.85,0.85,0.716666667,0.416666667,0.85,0.85,0.35,0.35,0.683333333,0.85,0.65,0.65,0.65,0.65,0.85,0.626666667,0.626666667,0.65,0.583333333,0.626666667,0.65,0.35,0.85,0.346666667,0.85,0.783333333,0.35,0.383333333
304,0.75,0.85,0.683333333,0.546666667,0.75,0.85,0.35,0.35,0.783333333,0.783333333,0.643333333,0.65,0.65,0.693333333,0.85,0.65,0.75,0.65,0.616666667,0.65,0.65,0.716666667,0.716666667,0.35,0.783333333,0.783333333,0.58,0.35
305,0.76,0.85,0.85,0.85,,0.793222,0.55,0.77,,0.824555333,0.826666,,0.77,0.85,0.793222,0.822222,0.85,0.85,,0.75,0.69,0.826666,0.85,,,,0.85,
306,0.283333333,0.25,0.423333333,0.35,0.216666667,0.53,0.706666667,0.316666667,0.44,0.686666667,0.383333333,0.3,0.35,0.28,0.716666667,0.553333333,0.433333333,0.616666667,0.58,0.546666667,0.316666667,0.3,0.523333333,0.3,0.183333333,0.506666667,0.496666667,0.283333333
307,0.75,0.75,0.716666667,0.47,0.75,0.75,0.75,0.716666667,0.75,0.783333333,0.75,0.683333333,0.75,0.75,0.716666667,0.506666667,0.75,0.716666667,0.75,0.783333333,0.683333333,0.583333333,0.523333333,0.573333333,0.683333333,0.75,0.4,0.716666667
308,0.716666667,0.716666667,0.85,0.85,0.716666667,0.783333333,0.85,0.85,0.85,0.783333333,0.716666667,0.783333333,0.85,0.783333333,0.716666667,0.85,0.85,0.85,0.85,0.783333333,0.783333333,0.783333333,0.65,0.783333333,0.65,0.85,0.783333333,0.683333333
309,0.75,0.683333333,0.65,0.383333333,0.683333333,0.716666667,0.35,0.683333333,0.683333333,0.683333333,0.716666667,0.65,0.65,0.716666667,0.65,0.453333333,0.65,0.683333333,0.623333333,0.65,0.683333333,0.343333333,0.85,0.283333333,0.75,0.583333333,0.613333333,0.546666667
310,0.65,0.783333333,0.65,0.626666667,0.603333333,0.75,0.35,0.35,0.65,0.726666667,0.65,0.65,0.65,0.65,0.85,0.626666667,0.683333333,0.783333333,0.65,0.596666667,0.583333333,0.35,0.65,0.383333333,0.693333333,0.35,0.623333333,0.516666667
311,0.65,0.85,0.626666667,0.433333333,0.65,0.783333333,0.55,0.35,0.65,0.65,0.65,0.45,0.65,0.85,0.85,0.533333333,0.35,0.65,0.6,0.65,0.65,0.313333333,0.85,0.33,0.65,0.45,0.583333333,0.35
312,0.65,0.85,0.556666667,0.416666667,0.816666667,0.683333333,0.35,0.45,0.65,0.85,0.826666667,0.45,0.65,0.803333333,0.783333333,0.616666667,0.61,0.626666667,0.65,0.556666667,0.65,0.316666667,0.85,0.416666667,0.726666667,0.45,0.613333333,0.35
313,0.66,0.826666667,0.573333333,0.383333333,0.683333333,0.75,0.35,0.35,0.483333333,0.783333333,0.803333333,0.35,0.716666667,0.693333333,0.85,0.523333333,0.426666667,0.716666667,0.446666667,0.623333333,0.416666667,0.316666667,0.666666667,0.223333333,0.76,0.35,0.46,0.45
314,0.816666667,0.783333333,0.416666667,0.416666667,0.65,0.75,0.35,0.35,0.583333333,0.75,0.693333333,0.65,0.683333333,0.78,0.85,0.533333333,0.35,0.65,0.316666667,0.683333333,0.65,0.333333333,0.85,0.383333333,0.726666667,0.35,0.35,0.283333333
315,0.65,0.85,0.65,0.383333333,0.716666667,0.816666667,0.45,0.35,0.716666667,0.76,0.72,0.45,0.65,0.693333333,0.85,0.65,0.526666667,0.61,0.433333333,0.623333333,0.583333333,0.346666667,0.85,0.316666667,0.65,0.35,0.35,0.483333333
316,0.25,0.54,0.71,0.49,0.65,0.65,0.5499999999999999,0.1999999999999999,0.85,0.7833333333333333,0.65,0.65,0.65,0.43,0.5166666666666667,0.7833333333333333,0.85,0.4399999999999999,0.65,0.3499999999999999,0.5066666666666667,0.85,0.65,0.5,0.2333333333333333,0.7366666666666667,0.4733333333333333,0.21
317,0.65,0.75,0.65,0.556666667,0.683333333,0.816666667,0.35,0.34,0.65,0.716666667,0.65,0.65,0.65,0.683333333,0.793333333,0.65,0.626666667,0.65,0.45,0.583333333,0.65,0.343333333,0.716666667,0.516666667,0.693333333,0.423333333,0.45,0.583333333
318,0.683333333,0.85,0.59,0.383333333,0.75,0.716666667,0.35,0.35,0.683333333,0.816666667,0.783333333,0.65,0.65,0.76,0.76,0.45,0.65,0.683333333,0.5,0.716666667,0.683333333,0.343333333,0.716666667,0.35,0.716666667,0.683333333,0.65,0.35
319,0.45,0.7833333333333333,0.85,0.5499999999999999,0.52,0.65,0.45,0.4333333333333333,0.7833333333333333,0.7166666666666667,0.7833333333333333,0.65,0.65,0.7166666666666667,0.65,0.85,0.85,0.65,0.7166666666666667,0.65,0.65,0.85,0.7166666666666667,0.65,0.45,0.85,0.61,0.5166666666666667
320,0.85,0.85,0.683333333,0.613333333,0.85,0.85,0.65,0.65,0.716666667,0.85,0.816666667,0.65,0.793333333,0.803333333,0.85,0.65,0.683333333,0.783333333,0.65,0.716666667,0.683333333,0.35,0.85,0.546666667,0.85,0.526666667,0.62,0.516666667
321,0.5499999999999999,0.7166666666666667,0.85,0.61,0.3499999999999999,0.7166666666666667,0.6,0.5499999999999999,0.8166666666666668,0.85,0.7933333333333333,0.5,0.6833333333333332,0.7166666666666667,0.3166666666666666,0.8033333333333333,0.85,0.7166666666666667,0.8166666666666668,0.3833333333333333,0.75,0.8033333333333333,0.5,0.5833333333333334,0.3166666666666666,0.85,0.5499999999999999,0.3166666666666666
322,0.65,0.65,0.383333333,0.416666667,0.65,0.65,0.35,0.333333333,0.446666667,0.693333333,0.55,0.283333333,0.45,0.76,0.816666667,0.45,0.35,0.65,0.283333333,0.62,0.35,0.316666667,0.716666667,0.273333333,0.65,0.35,0.383333333,0.266666667
323,0.65,0.65,0.65,0.583333333,0.65,0.65,0.683333333,0.55,0.796333333,0.65,0.64,0.65,0.65,0.716666667,0.65,0.65,0.65,0.85,0.65,0.65,0.483333333,0.45,0.65,0.76,0.296666667,0.65,0.65,0.783333333
324,0.716666667,0.716666667,0.62,0.316666667,0.683333333,0.716666667,0.45,0.35,0.716666667,0.683333333,0.65,0.65,0.65,0.683333333,0.683333333,0.55,0.65,0.623333333,0.65,0.716666667,0.65,0.55,0.65,0.3,0.716666667,0.683333333,0.613333333,0.383333333
325,0.45,0.5499999999999999,0.7600000000000001,0.5,0.6766666666666666,0.65,0.3499999999999999,0.45,0.6433333333333334,0.6866666666666666,0.6366666666666667,0.6833333333333332,0.7166666666666667,0.6833333333333332,0.6833333333333332,0.75,0.7166666666666667,0.65,0.6833333333333332,0.54,0.45,0.71,0.6,0.5499999999999999,0.3499999999999999,0.75,0.5499999999999999,0.24
326,0.783333333,0.85,0.75,0.533333333,0.716666667,0.556666667,0.75,0.726666667,0.826666667,0.85,0.76,0.616666667,0.716666667,0.75,0.716666667,0.44,0.85,0.683333333,0.716666667,0.726666667,0.626666667,0.693333333,0.816666667,0.65,0.61,0.816666667,0.45,0.683333333
327,0.35,0.85,0.85,0.426666667,0.85,0.783333333,0.783333333,0.76,0.826666667,0.85,0.783333333,0.616666667,0.55,0.85,0.626666667,0.483333333,0.783333333,0.75,0.716666667,0.85,0.716666667,0.55,0.65,0.45,0.526666667,0.85,0.4,0.816666667
328,0.35,0.793333333,0.783333333,0.506666667,0.783333333,0.85,0.65,0.416666667,0.783333333,0.85,0.763333333,0.85,0.716666667,0.716666667,0.5,0.773333333,0.693333333,0.693333333,0.75,0.75,0.65,0.55,0.716666667,0.316666667,0.716666667,0.85,0.5,0.65
329,0.4333333333333333,0.6833333333333332,0.7166666666666668,0.5433333333333333,0.5,0.3999999999999999,0.3499999999999999,0.65,0.85,0.7833333333333333,0.7933333333333333,0.5,0.8166666666666668,0.5066666666666667,0.3066666666666667,0.6833333333333332,0.8166666666666668,0.5499999999999999,0.75,0.5,0.5833333333333334,0.85,0.5333333333333333,0.3166666666666666,0.2066666666666666,0.85,0.5666666666666668,0.3999999999999999
330,0.816666667,0.85,0.65,0.486666667,0.816666667,0.683333333,0.45,0.55,0.683333333,0.826666667,0.85,0.65,0.816666667,0.816666667,0.85,0.573333333,0.62,0.716666667,0.65,0.65,0.65,0.35,0.85,0.55,0.65,0.55,0.65,0.483333333
331,0.716666667,0.85,0.75,0.65,0.683333333,0.75,0.55,0.35,0.693333333,0.783333333,0.643333333,0.483333333,0.65,0.816666667,0.816666667,0.65,0.6,0.716666667,0.62,0.613333333,0.683333333,0.346666667,0.783333333,0.313333333,0.736666667,0.76,0.65,0.516666667
332,0.583333333,0.85,0.783333333,0.45,0.816666667,0.716666667,0.65,0.65,0.773333333,0.85,0.75,0.683333333,0.693333333,0.75,0.613333333,0.383333333,0.706666667,0.773333333,0.48,0.826666667,0.673333333,0.606666667,0.783333333,0.383333333,0.546666667,0.783333333,0.656666667,0.683333333
333,0.2166666666666666,0.6833333333333332,0.85,0.5066666666666667,0.6066666666666667,0.6333333333333333,0.4833333333333334,0.3999999999999999,0.8166666666666668,0.75,0.4933333333333333,0.5166666666666667,0.65,0.65,0.5499999999999999,0.85,0.85,0.7166666666666667,0.7833333333333333,0.45,0.5766666666666667,0.86,0.6833333333333332,0.3666666666666667,0.3499999999999999,0.8166666666666668,0.5499999999999999,0.2833333333333333
334,0.45,0.85,0.85,0.6033333333333334,0.7166666666666667,0.8166666666666668,0.75,0.3999999999999999,0.7833333333333333,0.85,0.7599999999999999,0.7166666666666667,0.7833333333333333,0.85,0.3499999999999999,0.75,0.85,0.8166666666666668,0.75,0.65,0.45,0.85,0.7166666666666667,0.5499999999999999,0.6266666666666666,0.85,0.8266666666666667,0.5333333333333333
335,0.623333333,0.683333333,0.56,0.383333333,0.626666667,0.75,0.443333333,0.35,0.683333333,0.65,0.65,0.45,0.65,0.65,0.736666667,0.556666667,0.41,0.65,0.45,0.65,0.45,0.346666667,0.716666667,0.383333333,0.65,0.35,0.35,0.483333333
336,0.65,0.716666667,0.65,0.416666667,0.683333333,0.65,0.65,0.55,0.693333333,0.693333333,0.65,0.483333333,0.65,0.65,0.683333333,0.523333333,0.62,0.65,0.553333333,0.65,0.65,0.333333333,0.65,0.516666667,0.65,0.35,0.516666667,0.416666667
337,0.6833333333333332,0.8166666666666668,0.7833333333333333,0.7166666666666667,0.75,0.8166666666666668,0.75,0.7166666666666667,0.7166666666666667,0.7833333333333333,0.7433333333333333,0.65,0.7833333333333333,0.7266666666666667,0.6833333333333332,0.7166666666666667,0.6833333333333332,0.8166666666666668,0.75,0.75,0.6833333333333332,0.6833333333333332,0.65,0.6833333333333332,0.6833333333333332,0.7833333333333333,0.6833333333333332,0.6833333333333332
338,0.816666667,0.826666667,0.826666667,0.44,0.85,0.793333333,0.826666667,0.85,0.816666667,0.826666667,0.826666667,0.793333333,0.85,0.85,0.693333333,0.726666667,0.826666667,0.783333333,0.75,0.816666667,0.726666667,0.793333333,0.85,0.816666667,0.45,0.783333333,0.35,0.816666667
339,0.383333333,0.45,0.583333333,0.283333333,0.35,0.616666667,0.35,0.216666667,0.35,0.716666667,0.55,0.35,0.35,0.516666667,0.683333333,0.45,0.35,0.35,0.316666667,0.416666667,0.45,0.313333333,0.65,0.05,0.65,0.35,0.35,0.166666667
340,0.65,0.85,0.716666667,0.416666667,0.34,0.65,0.816666667,0.816666667,0.828333333,0.75,0.803333333,0.716666667,0.716666667,0.75,0.516666667,0.45,0.65,0.75,0.683333333,0.75,0.35,0.55,0.38,0.716666667,0.38,0.603333333,0.35,0.516666667
341,0.5833333333333334,0.7600000000000001,0.895,0.75,0.6833333333333332,0.4833333333333334,0.7600000000000001,0.5833333333333334,0.8733333333333334,0.8166666666666668,0.8166666666666668,0.7833333333333333,0.7833333333333333,0.75,0.8166666666666668,0.8166666666666668,0.8766666666666666,0.8266666666666667,0.9366666666666666,0.5499999999999999,0.6233333333333334,0.8266666666666667,0.8166666666666668,0.5166666666666667,0.4066666666666667,0.85,0.7266666666666667,0.4466666666666667
342,0.816666667,0.85,0.596666667,0.383333333,0.716666667,0.75,0.333333333,0.35,0.683333333,0.85,0.793333333,0.65,0.693333333,0.803333333,0.85,0.616666667,0.65,0.65,0.583333333,0.683333333,0.65,0.65,0.85,0.35,0.75,0.683333333,0.416666667,0.313333333
343,0.683333333,0.683333333,0.553333333,0.523333333,0.683333333,0.783333333,0.35,0.35,0.416666667,0.783333333,0.65,0.316666667,0.65,0.65,0.816666667,0.65,0.45,0.62,0.466666667,0.65,0.35,0.233333333,0.85,0.416666667,0.683333333,0.333333333,0.516666667,0.516666667
